id,geller_sku,major_item,type,stone_shape,stone_size,Karats,setting_sku,soldering_sku_per_post_or_back,stuller_sku,qty_to_order_of_stuller_sku,part_cost_note,JLRC_labor_torch,JLRC_labor_laser,picklist_item_if_needed,picklist_quantity_if_needed,picklist_stuller_if_needed,note,dependent_part_skus,comparative_percentage_to_sku,created_at,updated_at,deleted_at
1,40000,Pierced Earring Post & Backs installed-one pair,Regular Length,,,14ktyg,,90000,"[""1601:3058:S""]",2,,,,,2,"[""1912:3073:S""]",0,0,0,,,
2,40001,Pierced Earring Post & Backs installed-one pair,Regular Length,,,14kwg,,90000,"[""1601:3057:S""]",2,,,,,2,"[""1912:3072:S""]",0,0,0,,,
3,40002,Pierced Earring Post & Backs installed-one pair,Regular Length,,,18ktyg,,90005,"[""601:55069:S""]",2,,,,,2,"[""1912:39109:S""]",0,0,0,,,
4,40003,Pierced Earring Post & Backs installed-one pair,Regular Length,,,Silver,,90000,"[""1601:56538:S""]",2,,,,,2,"[""1912:3077:S""]",0,0,0,,,
5,40004,Pierced Earring Post & Backs installed-one pair,Regular Length,,,Platinum,,90010,"[""1601:240541:S""]",2,,,,,2,"[""1440:28706:S""]",0,0,0,,,
6,40005,Pierced Earring Post & Backs installed-one pair,Longer Length,,,14ktyg,,90000,"[""28350:100:S""]",2,,,,,2,"[""1912:3073:S""]",0,0,0,,,
7,40006,Pierced Earring Post & Backs installed-one pair,Longer Length,,,14ktwg,,90000,"[""28350:101:S""]",2,,,,,2,"[""912:3072:S""]",0,0,0,,,
8,40007,Pierced Earring Post & Backs installed-one pair,Longer Length,,,Platinum,,90005,"[""28350:103:S""]",2,,,,,2,"[""1440:28706:S""]",0,0,0,,,
9,40008,Pierced Earring Post & Backs installed-one pair,Longer Length,,,Silver,,90000,"[""28350:102:S""]",2,,,,,2,"[""1912:3077:S""]",0,0,0,,,
10,40009,Pierced Earring Post & Backs installed-one pair,Protektor Post & Back as a set,,,14ktyg,,90000,"[""22260:263319:S""]",2,,,,,,"[""""]",0,0,0,,,
11,40010,Pierced Earring Post & Backs installed-one pair,Protektor Post & Back as a set,,,14kwg,,90000,"[""22260:263331:S""]",2,,,,,,"[""""]",0,0,0,,,
12,40011,Pierced Earring Post & Backs installed-one pair,Protektor Post & Back as a set,,,18ktyg,,90005,"[""22260:263334:S""]",2,,,,,,"[""""]",0,0,0,,,
13,40012,Pierced Earring Post & Backs installed-one pair,Protektor Post & Back as a set,,,Platinum,,90010,"[""22260:263337:S""]",2,,,,,,"[""""]",0,0,0,,,
14,40013,Pierced Earring Post & Backs installed-one pair,Protektor Post & Back as a set,,,Silver,,90000,"[""22260:263318:S""]",2,,,,,,"[""""]",0,0,0,,,
15,40014,Pierced Earring Post & Backs installed-one pair,Threaded Posts,,,14ktyg,,90000,"[""23631:100000:S""]",2,,,,,2,"[""23632:100100:S""]",0,0,0,,,
16,40015,Pierced Earring Post & Backs installed-one pair,Threaded Posts,,,14kwg,,90000,"[""23631:100001:S""]",2,,,,,2,"[""23632:100101:S""]",0,0,0,,,
17,40016,Pierced Earring Post & Backs installed-one pair,Threaded Posts,,,18ktyg,,90005,"[""23631:100002:S""]",2,,,,,2,"[""23632:100102:S""]",0,0,0,,,
18,40017,Pierced Earring Post & Backs installed-one pair,Threaded Posts,,,18ktwg,,90005,"[""23631:100003:S""]",2,,,,,2,"[""23632:100103:S""]",0,0,0,,,
19,40018,Pierced Earring Post & Backs installed-one pair,Threaded Posts,,,Platinum,,90010,"[""23631:100004:S""]",2,,,,,2,"[""23632:100104:S""]",0,0,0,,,
20,40019,Pierced Earring Post & Backs installed-one pair,Threaded Posts,,,Silver,,90000,"[""23631:100007:S""]",2,,,,,2,"[""23632:100107:S""]",0,0,0,,,
21,40020,Pierced Earring Post & Backs installed-one pair,Post with lead solder cup,,,14ktwg-only ,,90015,"[""1609:3018:S""]",2,,,,,2,"[""1912:3072:S""]",0,0,0,,,
22,40021,Pierced Earring Post & Backs installed-one pair,Pearl cup post earring mtg,,,14ktyg only,,90015,"[""1916:3037:S""]",2,,,,,2,"[""1912:3073:S""]",0,0,0,,,
23,40022,Earring backs,Standard Earring Backs for Posts,,,14ktyg,,,"[""1912:3073:S""]",1,,,,,,"[""""]",0,0,0,,,
24,40023,Earring backs,Standard Earring Backs for Posts,,,14kwg,,,"[""1912:3072:S""]",1,,,,,,"[""""]",0,0,0,,,
25,40024,Earring backs,Standard Earring Backs for Posts,,,18ktyg,,,"[""1912:39109:S""]",1,,,,,,"[""""]",0,0,0,,,
26,40025,Earring backs,Standard Earring Backs for Posts,,,18ktwg,,,"[""1912:292742:S""]",1,,,,,,"[""""]",0,0,0,,,
27,40026,Earring backs,Monster (Large) Ear Backs for Posts,,,14ktyg,,,"[""2263:101362:S""]",1,,,,,,"[""""]",0,0,0,,,
28,40027,Earring backs,Monster (Large) Ear Backs for Posts,,,14kwg,,,"[""2263:140376:""]",1,,,,,,"[""""]",0,0,0,,,
29,40028,Earring backs,Monster (Large) Ear Backs for Posts,,,18ktyg,,,"[""2263:280291:S""]",1,,,,,,"[""""]",0,0,0,,,
30,40029,Earring backs,Monster (Large) Ear Backs for Posts,,,18ktwg,,,"[""2263:101:S""]",1,,,,,,"[""""]",0,0,0,,,
31,40030,Earring backs,Monster (Large) Ear Backs for Posts,,,Silver,,,"[""2263:100505:S""]",1,,,,,,"[""""]",0,0,0,,,
32,40031,Earring backs,Monster (Large) Ear Backs for Posts,,,Platinum,,,"[""2263:102:S""]",1,,,,,,"[""""]",0,0,0,,,
33,40032,Earring backs,Monster (Large) Ear Backs for Posts,,,Gold Filled (14kt),,,"[""2263:101363:S""]",1,,,,,,"[""""]",0,0,0,,,
34,40033,Earring backs,Protektor Backs,,,14ktyg,,,"[""22262:263207:S""]",1,,,,,,"[""""]",0,0,0,,,
35,40034,Earring backs,Protektor Backs,,,14kwg,,,"[""22262:263208:S""]",1,,,,,,"[""""]",0,0,0,,,
36,40035,Earring backs,Protektor Backs,,,18ktyg,,,"[""22262:263210:S""]",1,,,,,,"[""""]",0,0,0,,,
37,40036,Earring backs,Protektor Backs,,,Platinum,,,"[""22262:263451:S""]",1,,,,,,"[""""]",0,0,0,,,
38,40037,Earring backs,Protektor Backs,,,Silver,,,"[""22262:263206:S""]",1,,,,,,"[""""]",0,0,0,,,
39,40038,Earring backs,Threaded Ear Back,,,14ktyg,,,"[""23632:100100:S""]",1,,,,,,"[""""]",0,0,0,,,
40,40039,Earring backs,Threaded Ear Back,,,14kwg,,,"[""23632:100101:S""]",1,,,,,,"[""""]",0,0,0,,,
41,40040,Earring backs,Threaded Ear Back,,,18ktyg,,,"[""23632:100102:S""]",1,,,,,,"[""""]",0,0,0,,,
42,40041,Earring backs,Threaded Ear Back,,,18ktwg,,,"[""23632:100103:S""]",1,,,,,,"[""""]",0,0,0,,,
43,40042,Earring backs,Threaded Ear Back,,,Platinum,,,"[""23632:100104:S""]",1,,,,,,"[""""]",0,0,0,,,
44,40043,Earring backs,Threaded Ear Back,,,Silver,,,"[""23632:100107:S""]",1,,,,,,"[""""]",0,0,0,,,
45,40044,Pierced Earring Wires,"Kidney Wires, 19x11mm, pair",,,14ktyg,,90000,"[""906:3082:S""]",2,,,,,,"[""""]",0,0,0,,,
46,40045,Pierced Earring Wires,"Kidney Wires, 19x11mm, pair",,,14kwg,,90000,"[""906:3081:S""]",2,,,,,,"[""""]",0,0,0,,,
47,40046,Pierced Earring Wires,"Kidney Wires, 19x11mm, pair",,,18ktyg,,90005,"[""906:3087:S""]",2,,,,,,"[""""]",0,0,0,,,
48,40047,Pierced Earring Wires,"Kidney Wires, 19x11mm, pair",,,Silver,,90000,"[""906:3084:S""]",2,,,,,,"[""""]",0,0,0,,,
49,40048,Pierced Earring Wires,"Lever Backs, Pair",,,14ktyg,,90000,"[""2272:101364:S""]",2,,,,,,"[""""]",0,0,0,,,
50,40049,Pierced Earring Wires,"Lever Backs, Pair",,,14kwg,,90000,"[""2272:241072:S""]",2,,,,,,"[""""]",0,0,0,,,
51,40050,Pierced Earring Wires,"Lever Backs, Pair",,,18ktyg,,90005,"[""2272:101367:S""]",2,,,,,,"[""""]",0,0,0,,,
52,40051,Pierced Earring Wires,"Lever Backs, Pair",,,18ktwg,,90005,"[""2272:101366:S""]",2,,,,,,"[""""]",0,0,0,,,
53,40052,Pierced Earring Wires,"Lever Backs, Pair",,,Platinum,,90010,"[""2272:101368:S""]",2,,,,,,"[""""]",0,0,0,,,
54,40053,Pierced Earring Wires,"Lever Backs, Pair",,,Silver,,90000,"[""2272:273218:S""]",2,,,,,,"[""""]",0,0,0,,,
55,40054,Pierced Earring Wires,"Hoop Set, all 3 parts, pair",,,14ktyg,,90002,"[""1782:101367:S"" + ""1791:39163:S""]",1,,,,,,"[""""]",0,0,0,,,
56,40055,Pierced Earring Wires,"Hoop Set, all 3 parts, pair",,,14kwg,,90002,"[""1782:289174:S"" + ""1791:241063:S""]",1,,,,,,"[""""]",0,0,0,,,
57,40056,Pierced Earring Wires,"Hoop Wire, replacement only-includes rivet",,,14ktyg,,90000,"[""1785:39095:S""]",1,,,,,,"[""""]",0,0,0,,,
58,40057,Pierced Earring Wires,Hoop Wire with joint attached,,,14ktyg,,90000,"[""1782:101367:S""]",1,,,,,,"[""""]",0,0,0,,,
59,40058,Pierced Earring Wires,"Hoop ""U"" catch only, installed, each",,,14ktyg,,90000,"[""1791:39163:S""]",1,,,,,,"[""""]",0,0,0,,,
60,40059,Pierced Earring Wires,"Hoop ""U"" catch only, installed, each",,,14kwg,,90000,"[""1791:241063:S""]",1,,,,,,"[""""]",0,0,0,,,
61,40060,Non Pierced Earring Parts,"Omega Clips with posts, pair",,,14ktyg,,90011,"[""665:1008:S"" + ""1601:3058:S""]",2,,,,,,"[""""]",0,0,0,,,
62,40061,Non Pierced Earring Parts,"Omega Clips with posts, pair",,,14kwg,,90011,"[""665:1000:S"" + ""1601:3057:S""]",2,,,,,,"[""""]",0,0,0,,,
63,40062,Non Pierced Earring Parts,"Omega Clips with posts, pair",,,18ktyg,,90011,"[""665:1009:S"" + ""1601:55069:S""]",2,,,,,,"[""""]",0,0,0,,,
64,40063,Non Pierced Earring Parts,"Omega Clips with posts, pair",,,18ktwg,,90011,"[""665:3001:S"" + ""1601:250162:S""]",2,,,,,,"[""""]",0,0,0,,,
65,40064,Non Pierced Earring Parts,"Omega Clips with posts, pair",,,Platinum,,90012,"[""665:1005:S"" + ""1601:240541:S""]",2,,,,,,"[""""]",0,0,0,,,
66,40065,Non Pierced Earring Parts,"Omega Clips with posts, pair",,,Silver,,90010,"[""665:1007:S"" + ""1601:56538:S""]",2,,,,,,"[""""]",0,0,0,,,
67,40066,Non Pierced Earring Parts,"Omega Clips , no posts",,,14ktyg,,90003,"[""665:1008:S""]",2,,,,,,"[""""]",0,0,0,,,
68,40067,Non Pierced Earring Parts,"Omega Clips , no posts",,,14kwg,,90003,"[""665:1000:S""]",2,,,,,,"[""""]",0,0,0,,,
69,40068,Non Pierced Earring Parts,"Omega Clips , no posts",,,18ktyg,,90003,"[""665:1009:S""]",2,,,,,,"[""""]",0,0,0,,,
70,40069,Non Pierced Earring Parts,"Omega Clips , no posts",,,18ktwg,,90003,"[""665:3001:S""]",2,,,,,,"[""""]",0,0,0,,,
71,40070,Non Pierced Earring Parts,"Omega Clips , no posts",,,Platinum,,90003,"[""665:1005:S""]",2,,,,,,"[""""]",0,0,0,,,
72,40071,Non Pierced Earring Parts,"Omega Clips , no posts",,,Silver,,90003,"[""665:1007:S""]",2,,,,,,"[""""]",0,0,0,,,
73,40072,Non Pierced Earring Parts,Heavy Omega Clip back-no posts,,,14ktyg,,90003,"[""2211:92986:S""]",2,,,,,,"[""""]",0,0,0,,,
74,40073,Non Pierced Earring Parts,Heavy Omega Clip back-no posts,,,18ktyg,,90003,"[""2211:92987:S""]",2,,,,,,"[""""]",0,0,0,,,
75,40074,Non Pierced Earring Parts,Flat Clip back (french back),,,14ktyg,,90003,"[""731:48054:S""]",2,,,,,,"[""""]",0,0,0,,,
76,40075,Non Pierced Earring Parts,French backs (screw to tighten),,,14ktyg,,90003,"[""647:3096:S""]",2,,,,,,"[""""]",0,0,0,,,
77,40076,Non Pierced Earring Parts,French backs (screw to tighten),,,14ktwg,,90003,"[""647:3095:S""]",2,,,,,,"[""""]",0,0,0,,,
78,40077,Non Pierced Earring Parts,Hinged French backs (screw to tighten),,,14ktyg,,90003,"[""642:3090:S""]",2,,,,,,"[""""]",0,0,0,,,
79,41000,Earring Mounting,"4 prong wire basket, complete  with ear backs and setting charges included",Round,.12ct  up to 3.0mm,14ktyg,70000,,"[""21349:221389:S""]",2,,,,,2,"[""1912:3073:S""]",0,0,0,,,
80,41001,Earring Mounting,"4 prong wire basket, complete  with ear backs and setting charges included",Round,.12ct  up to 3.0mm,14ktwg,70000,,"[""21349:221391:S""]",2,,,,,2,"[""1912:3072:S""]",0,0,0,,,
81,41002,Earring Mounting,"4 prong wire basket, complete  with ear backs and setting charges included",Round,.12ct  up to 3.0mm,18ktyg,70000,,"[""21349:292306:S""]",2,,,,,2,"[""1912:39109:S""]",0,0,0,,,
82,41003,Earring Mounting,"4 prong wire basket, complete  with ear backs and setting charges included",Round,.12ct  up to 3.0mm,18ktwg,70000,,"[""21349:292308:S""]",2,,,,,2,"[""1912:292742:S""]",0,0,0,,,
83,41004,Earring Mounting,"4 prong wire basket, complete  with ear backs and setting charges included",Round,.12ct  up to 3.0mm,Platinum,70000,,"[""21349:223021:S""]",2,,,,,2,"[""3513:27891:S""]",0,0,0,,,
84,41005,Earring Mounting,"4 prong wire basket, complete  with ear backs and setting charges included",Round,.12ct  up to 3.0mm,Silver,70000,,"[""21349:307010:S""]",2,,,,,2,"[""1912:3077:S""]",0,0,0,,,
85,41006,Earring Mounting,"4 prong wire basket, complete  with ear backs and setting charges included",Round,.13 to .17ct up to 3.5mm,14ktyg,70001,,"[""21349:221394:S""]",2,,,,,2,"[""1912:3073:S""]",0,0,0,,,
86,41007,Earring Mounting,"4 prong wire basket, complete  with ear backs and setting charges included",Round,.13 to .17ct up to 3.5mm,14ktwg,70001,,"[""21349:221396:S""]",2,,,,,2,"[""1912:3072:S""]",0,0,0,,,
87,41008,Earring Mounting,"4 prong wire basket, complete  with ear backs and setting charges included",Round,.13 to .17ct up to 3.5mm,18ktyg,70001,,"[""21349:292309:S""]",2,,,,,2,"[""1912:39109:S""]",0,0,0,,,
88,41009,Earring Mounting,"4 prong wire basket, complete  with ear backs and setting charges included",Round,.13 to .17ct up to 3.5mm,18ktwg,70001,,"[""21349:292311:S""]",2,,,,,2,"[""1912:292742:S""]",0,0,0,,,
89,41010,Earring Mounting,"4 prong wire basket, complete  with ear backs and setting charges included",Round,.13 to .17ct up to 3.5mm,Platinum,70001,,"[""21349:223022:S""]",2,,,,,2,"[""3513:27891:S""]",0,0,0,,,
90,41011,Earring Mounting,"4 prong wire basket, complete  with ear backs and setting charges included",Round,.13 to .17ct up to 3.5mm,Silver,70001,,"[""21349:307011:S""]",2,,,,,2,"[""1912:3077:S""]",0,0,0,,,
91,41012,Earring Mounting,"4 prong wire basket, complete  with ear backs and setting charges included",Round,.14 to .23ct up to 3.5mm,14ktyg,70001,,"[""21349:221399:S""]",2,,,,,2,"[""1912:3073:S""]",0,0,0,,,
92,41013,Earring Mounting,"4 prong wire basket, complete  with ear backs and setting charges included",Round,.14 to .23ct up to 3.5mm,14ktwg,70001,,"[""21349:221401:S""]",2,,,,,2,"[""1912:3072:S""]",0,0,0,,,
93,41014,Earring Mounting,"4 prong wire basket, complete  with ear backs and setting charges included",Round,.14 to .23ct up to 3.5mm,18ktyg,70001,,"[""21349:292307:S""]",2,,,,,2,"[""1912:39109:S""]",0,0,0,,,
94,41015,Earring Mounting,"4 prong wire basket, complete  with ear backs and setting charges included",Round,.14 to .23ct up to 3.5mm,18ktwg,70001,,"[""21349:292310:S""]",2,,,,,2,"[""1912:292742:S""]",0,0,0,,,
95,41016,Earring Mounting,"4 prong wire basket, complete  with ear backs and setting charges included",Round,.14 to .23ct up to 3.5mm,Platinum,70001,,"[""21349:223023:S""]",2,,,,,2,"[""3513:27891:S""]",0,0,0,,,
96,41017,Earring Mounting,"4 prong wire basket, complete  with ear backs and setting charges included",Round,.14 to .23ct up to 3.5mm,Silver,70001,,"[""21349:307012:S""]",2,,,,,2,"[""1912:3077:S""]",0,0,0,,,
97,41018,Earring Mounting,"4 prong wire basket, complete  with ear backs and setting charges included",Round,.23 to .25ct up to 4.0mm,14ktyg,70002,,"[""21349:221399:S""]",2,,,,,2,"[""1912:3073:S""]",0,0,0,,,
98,41019,Earring Mounting,"4 prong wire basket, complete  with ear backs and setting charges included",Round,.23 to .25ct up to 4.0mm,14ktwg,70002,,"[""21349:221401:S""]",2,,,,,2,"[""1912:3072:S""]",0,0,0,,,
99,41020,Earring Mounting,"4 prong wire basket, complete  with ear backs and setting charges included",Round,.23 to .25ct up to 4.0mm,18ktyg,70002,,"[""21349:292307:S""]",2,,,,,2,"[""1912:39109:S""]",0,0,0,,,
100,41021,Earring Mounting,"4 prong wire basket, complete  with ear backs and setting charges included",Round,.23 to .25ct up to 4.0mm,18ktwg,70002,,"[""21349:292310:S""]",2,,,,,2,"[""1912:292742:S""]",0,0,0,,,
101,41022,Earring Mounting,"4 prong wire basket, complete  with ear backs and setting charges included",Round,.23 to .25ct up to 4.0mm,Platinum,70002,,"[""21349:223023:S""]",2,,,,,2,"[""3513:27891:S""]",0,0,0,,,
102,41023,Earring Mounting,"4 prong wire basket, complete  with ear backs and setting charges included",Round,.23 to .25ct up to 4.0mm,Silver,70002,,"[""21349:307012:S""]",2,,,,,2,"[""1912:3077:S""]",0,0,0,,,
103,41024,Earring Mounting,"4 prong wire basket, complete  with ear backs and setting charges included",Round,.24 to .35ct up to 4.5mm,14ktyg,70002,,"[""21349:221429:S""]",2,,,,,2,"[""1912:3073:S""]",0,0,0,,,
104,41025,Earring Mounting,"4 prong wire basket, complete  with ear backs and setting charges included",Round,.24 to .35ct up to 4.5mm,14ktwg,70002,,"[""21349:221430:S""]",2,,,,,2,"[""1912:3072:S""]",0,0,0,,,
105,41026,Earring Mounting,"4 prong wire basket, complete  with ear backs and setting charges included",Round,.24 to .35ct up to 4.5mm,18ktyg,70002,,"[""21349:292312:S""]",2,,,,,2,"[""1912:39109:S""]",0,0,0,,,
106,41027,Earring Mounting,"4 prong wire basket, complete  with ear backs and setting charges included",Round,.24 to .35ct up to 4.5mm,18ktwg,70002,,"[""21349:292313:S""]",2,,,,,2,"[""1912:292742:S""]",0,0,0,,,
107,41028,Earring Mounting,"4 prong wire basket, complete  with ear backs and setting charges included",Round,.24 to .35ct up to 4.5mm,Platinum,70002,,"[""21349:223024:S""]",2,,,,,2,"[""3513:27891:S""]",0,0,0,,,
108,41029,Earring Mounting,"4 prong wire basket, complete  with ear backs and setting charges included",Round,.24 to .35ct up to 4.5mm,Silver,70002,,"[""21349:307013:S""]",2,,,,,2,"[""1912:3077:S""]",0,0,0,,,
109,41030,Earring Mounting,"4 prong wire basket, complete  with ear backs and setting charges included",Round,.36 to .47ct up to 5.0mm,14ktyg,70002,,"[""21349:221432:S""]",2,,,,,2,"[""1912:3073:S""]",0,0,0,,,
110,41031,Earring Mounting,"4 prong wire basket, complete  with ear backs and setting charges included",Round,.36 to .47ct up to 5.0mm,14ktwg,70002,,"[""21349:221433:S""]",2,,,,,2,"[""1912:3072:S""]",0,0,0,,,
111,41032,Earring Mounting,"4 prong wire basket, complete  with ear backs and setting charges included",Round,.36 to .47ct up to 5.0mm,18ktyg,70002,,"[""21349:292314:S""]",2,,,,,2,"[""1912:39109:S""]",0,0,0,,,
112,41033,Earring Mounting,"4 prong wire basket, complete  with ear backs and setting charges included",Round,.36 to .47ct up to 5.0mm,18ktwg,70002,,"[""21349:292315:S""]",2,,,,,2,"[""1912:292742:S""]",0,0,0,,,
113,41034,Earring Mounting,"4 prong wire basket, complete  with ear backs and setting charges included",Round,.36 to .47ct up to 5.0mm,Platinum,70002,,"[""21349:223025:S""]",2,,,,,2,"[""3513:27891:S""]",0,0,0,,,
114,41035,Earring Mounting,"4 prong wire basket, complete  with ear backs and setting charges included",Round,.36 to .47ct up to 5.0mm,Silver,70002,,"[""21349:307014:S""]",2,,,,,2,"[""1912:3077:S""]",0,0,0,,,
115,41036,Earring Mounting,"4 prong wire basket, complete  with ear backs and setting charges included",Round,.37 to .62ct up to 5.5mm,14ktyg,70003,,"[""21349:221435:S""]",2,,,,,2,"[""1912:3073:S""]",0,0,0,,,
116,41037,Earring Mounting,"4 prong wire basket, complete  with ear backs and setting charges included",Round,.37 to .62ct up to 5.5mm,14ktwg,70003,,"[""21349:221436:S""]",2,,,,,2,"[""1912:3072:S""]",0,0,0,,,
117,41038,Earring Mounting,"4 prong wire basket, complete  with ear backs and setting charges included",Round,.37 to .62ct up to 5.5mm,18ktyg,70003,,"[""21349:292316:S""]",2,,,,,2,"[""1912:39109:S""]",0,0,0,,,
118,41039,Earring Mounting,"4 prong wire basket, complete  with ear backs and setting charges included",Round,.37 to .62ct up to 5.5mm,18ktwg,70003,,"[""21349:292317:S""]",2,,,,,2,"[""1912:292742:S""]",0,0,0,,,
119,41040,Earring Mounting,"4 prong wire basket, complete  with ear backs and setting charges included",Round,.37 to .62ct up to 5.5mm,Platinum,70003,,"[""21349:223026:S""]",2,,,,,2,"[""3513:27891:S""]",0,0,0,,,
120,41041,Earring Mounting,"4 prong wire basket, complete  with ear backs and setting charges included",Round,.37 to .62ct up to 5.5mm,Silver,70003,,"[""21349:307015:S""]",2,,,,,2,"[""1912:3077:S""]",0,0,0,,,
121,41042,Earring Mounting,"4 prong wire basket, complete  with ear backs and setting charges included",Round,63. to .80ct up to 6.0mm,14ktyg,70004,,"[""21349:221438:S""]",2,,,,,2,"[""1912:3073:S""]",0,0,0,,,
122,41043,Earring Mounting,"4 prong wire basket, complete  with ear backs and setting charges included",Round,63. to .80ct up to 6.0mm,14ktwg,70004,,"[""21349:221439:S""]",2,,,,,2,"[""1912:3072:S""]",0,0,0,,,
123,41044,Earring Mounting,"4 prong wire basket, complete  with ear backs and setting charges included",Round,63. to .80ct up to 6.0mm,18ktyg,70004,,"[""21349:292318:S""]",2,,,,,2,"[""1912:39109:S""]",0,0,0,,,
124,41045,Earring Mounting,"4 prong wire basket, complete  with ear backs and setting charges included",Round,63. to .80ct up to 6.0mm,18ktwg,70004,,"[""21349:292319:S""]",2,,,,,2,"[""1912:292742:S""]",0,0,0,,,
125,41046,Earring Mounting,"4 prong wire basket, complete  with ear backs and setting charges included",Round,63. to .80ct up to 6.0mm,Platinum,70004,,"[""21349:223027:S""]",2,,,,,2,"[""3513:27891:S""]",0,0,0,,,
126,41047,Earring Mounting,"4 prong wire basket, complete  with ear backs and setting charges included",Round,63. to .80ct up to 6.0mm,Silver,70004,,"[""21349:307016:S""]",2,,,,,2,"[""1912:3077:S""]",0,0,0,,,
127,41048,Earring Mounting,"4 prong wire basket, complete  with ear backs and setting charges included",Round,81. to 1.00ct up to 6.5mm,14ktyg,70004,,"[""21349:221440:S""]",2,,,,,2,"[""1912:3073:S""]",0,0,0,,,
128,41049,Earring Mounting,"4 prong wire basket, complete  with ear backs and setting charges included",Round,81. to 1.00ct up to 6.5mm,14ktwg,70004,,"[""21349:221441:S""]",2,,,,,2,"[""1912:3072:S""]",0,0,0,,,
129,41050,Earring Mounting,"4 prong wire basket, complete  with ear backs and setting charges included",Round,81. to 1.00ct up to 6.5mm,18ktyg,70004,,"[""21349:292320:S""]",2,,,,,2,"[""1912:39109:S""]",0,0,0,,,
130,41051,Earring Mounting,"4 prong wire basket, complete  with ear backs and setting charges included",Round,81. to 1.00ct up to 6.5mm,18ktwg,70004,,"[""21349:292321:S""]",2,,,,,2,"[""1912:292742:S""]",0,0,0,,,
131,41052,Earring Mounting,"4 prong wire basket, complete  with ear backs and setting charges included",Round,81. to 1.00ct up to 6.5mm,Platinum,70004,,"[""21349:223028:S""]",2,,,,,2,"[""3513:27891:S""]",0,0,0,,,
132,41053,Earring Mounting,"4 prong wire basket, complete  with ear backs and setting charges included",Round,81. to 1.00ct up to 6.5mm,Silver,70004,,"[""21349:307017:S""]",2,,,,,2,"[""1912:3077:S""]",0,0,0,,,
133,41054,Earring Mounting,"4 prong wire basket, complete  with ear backs and setting charges included",Round,1.01 to 1.25ct up to 7.0mm,14ktyg,70005,,"[""21349:221442:S""]",2,,,,,2,"[""1912:3073:S""]",0,0,0,,,
134,41055,Earring Mounting,"4 prong wire basket, complete  with ear backs and setting charges included",Round,1.01 to 1.25ct up to 7.0mm,14ktwg,70005,,"[""21349:221443:S""]",2,,,,,2,"[""1912:3072:S""]",0,0,0,,,
135,41056,Earring Mounting,"4 prong wire basket, complete  with ear backs and setting charges included",Round,1.01 to 1.25ct up to 7.0mm,18ktyg,70005,,"[""21349:292329:S""]",2,,,,,2,"[""1912:39109:S""]",0,0,0,,,
136,41057,Earring Mounting,"4 prong wire basket, complete  with ear backs and setting charges included",Round,1.01 to 1.25ct up to 7.0mm,18ktwg,70005,,"[""21349:292326:S""]",2,,,,,2,"[""1912:292742:S""]",0,0,0,,,
137,41058,Earring Mounting,"4 prong wire basket, complete  with ear backs and setting charges included",Round,1.01 to 1.25ct up to 7.0mm,Platinum,70005,,"[""21349:223030:S""]",2,,,,,2,"[""3513:27891:S""]",0,0,0,,,
138,41059,Earring Mounting,"4 prong wire basket, complete  with ear backs and setting charges included",Round,1.01 to 1.25ct up to 7.0mm,Silver,70005,,"[""21349:307018:S""]",2,,,,,2,"[""1912:3077:S""]",0,0,0,,,
139,41060,Earring Mounting,"4 prong wire basket, complete  with ear backs and setting charges included",Round,1.26 to 1.50ct up to 7.50mm,14ktyg,70006,,"[""21349:221444:S""]",2,,,,,2,"[""1912:3073:S""]",0,0,0,,,
140,41061,Earring Mounting,"4 prong wire basket, complete  with ear backs and setting charges included",Round,1.26 to 1.50ct up to 7.50mm,14ktwg,70006,,"[""21349:221445:S""]",2,,,,,2,"[""1912:3072:S""]",0,0,0,,,
141,41062,Earring Mounting,"4 prong wire basket, complete  with ear backs and setting charges included",Round,1.26 to 1.50ct up to 7.50mm,18ktyg,70006,,"[""21349:292325:S""]",2,,,,,2,"[""1912:39109:S""]",0,0,0,,,
142,41063,Earring Mounting,"4 prong wire basket, complete  with ear backs and setting charges included",Round,1.26 to 1.50ct up to 7.50mm,18ktwg,70006,,"[""21349:292323:S""]",2,,,,,2,"[""1912:292742:S""]",0,0,0,,,
143,41064,Earring Mounting,"4 prong wire basket, complete  with ear backs and setting charges included",Round,1.26 to 1.50ct up to 7.50mm,Platinum,70006,,"[""21349:223032:S""]",2,,,,,2,"[""3513:27891:S""]",0,0,0,,,
144,41065,Earring Mounting,"4 prong wire basket, complete  with ear backs and setting charges included",Round,1.26 to 1.50ct up to 7.50mm,Silver,70006,,"[""21349:307019:S""]",2,,,,,2,"[""1912:3077:S""]",0,0,0,,,
145,41066,Earring Mounting,"4 prong wire basket, complete  with ear backs and setting charges included",Round,1.51 to 1.75ct up to 8.00mm,14ktyg,70006,,"[""21349:221447:S""]",2,,,,,2,"[""1912:3073:S""]",0,0,0,,,
146,41067,Earring Mounting,"4 prong wire basket, complete  with ear backs and setting charges included",Round,1.51 to 1.75ct up to 8.00mm,14ktwg,70006,,"[""21349:221448:S""]",2,,,,,2,"[""1912:3072:S""]",0,0,0,,,
147,41068,Earring Mounting,"4 prong wire basket, complete  with ear backs and setting charges included",Round,1.51 to 1.75ct up to 8.00mm,18ktyg,70006,,"[""21349:305905:S""]",2,,,,,2,"[""1912:39109:S""]",0,0,0,,,
148,41069,Earring Mounting,"4 prong wire basket, complete  with ear backs and setting charges included",Round,1.51 to 1.75ct up to 8.00mm,18ktwg,70006,,"[""21349:292327:S""]",2,,,,,2,"[""1912:292742:S""]",0,0,0,,,
149,41070,Earring Mounting,"4 prong wire basket, complete  with ear backs and setting charges included",Round,1.51 to 1.75ct up to 8.00mm,Platinum,70006,,"[""21349:223033:S""]",2,,,,,2,"[""3513:27891:S""]",0,0,0,,,
150,41071,Earring Mounting,"4 prong wire basket, complete  with ear backs and setting charges included",Round,1.51 to 1.75ct up to 8.00mm,Silver,70006,,"[""21349:307020:S""]",2,,,,,2,"[""1912:3077:S""]",0,0,0,,,
151,41072,Earring Mounting,"3 Prong Martini earrings, complete with ear backs",Round,.11ct  up to 3.0mm,14ktyg,70000,,"[""23578:100062:S""]",2,,,,,2,"[""1912:3073:S""]",0,0,0,,,
152,41073,Earring Mounting,"3 Prong Martini earrings, complete with ear backs",Round,.11ct  up to 3.0mm,14ktwg,70000,,"[""23578:100061:S""]",2,,,,,2,"[""1912:3072:S""]",0,0,0,,,
153,41074,Earring Mounting,"3 Prong Martini earrings, complete with ear backs",Round,.11ct  up to 3.0mm,18ktyg,70000,,"[""23578:100064:S""]",2,,,,,2,"[""1912:39109:S""]",0,0,0,,,
154,41075,Earring Mounting,"3 Prong Martini earrings, complete with ear backs",Round,.11ct  up to 3.0mm,18ktwg,70000,,"[""23578:100063:S""]",2,,,,,2,"[""1912:292742:S""]",0,0,0,,,
155,41076,Earring Mounting,"3 Prong Martini earrings, complete with ear backs",Round,.11ct  up to 3.0mm,Platinum,70000,,"[""23578:100065:S""]",2,,,,,2,"[""3513:27891:S""]",0,0,0,,,
156,41077,Earring Mounting,"3 Prong Martini earrings, complete with ear backs",Round,.11ct  up to 3.0mm,Silver,70000,,"[""23578:100060:S""]",2,,,,,2,"[""1912:3077:S""]",0,0,0,,,
157,41078,Earring Mounting,"3 Prong Martini earrings, complete with ear backs",Round,.12 to .17ct up to 3.5mm,14ktyg,70001,,"[""23578:100038:S""]",2,,,,,2,"[""1912:3073:S""]",0,0,0,,,
158,41079,Earring Mounting,"3 Prong Martini earrings, complete with ear backs",Round,.12 to .17ct up to 3.5mm,14ktwg,70001,,"[""23578:100037:S""]",2,,,,,2,"[""1912:3072:S""]",0,0,0,,,
159,41080,Earring Mounting,"3 Prong Martini earrings, complete with ear backs",Round,.12 to .17ct up to 3.5mm,18ktyg,70001,,"[""23578:100040:S""]",2,,,,,2,"[""1912:39109:S""]",0,0,0,,,
160,41081,Earring Mounting,"3 Prong Martini earrings, complete with ear backs",Round,.12 to .17ct up to 3.5mm,18ktwg,70001,,"[""23578:100039:S""]",2,,,,,2,"[""1912:292742:S""]",0,0,0,,,
161,41082,Earring Mounting,"3 Prong Martini earrings, complete with ear backs",Round,.12 to .17ct up to 3.5mm,Platinum,70001,,"[""23578:100041:S""]",2,,,,,2,"[""3513:27891:S""]",0,0,0,,,
162,41083,Earring Mounting,"3 Prong Martini earrings, complete with ear backs",Round,.12 to .17ct up to 3.5mm,Silver,70001,,"[""23578:1000380:S""]",2,,,,,2,"[""1912:3077:S""]",0,0,0,,,
163,41084,Earring Mounting,"3 Prong Martini earrings, complete with ear backs",Round,.13 to .23ct up to 4.0mm,14ktyg,70001,,"[""23578:100032:S""]",2,,,,,2,"[""1912:3073:S""]",0,0,0,,,
164,41085,Earring Mounting,"3 Prong Martini earrings, complete with ear backs",Round,.13 to .23ct up to 4.0mm,14ktwg,70001,,"[""23578:100031:S""]",2,,,,,2,"[""1912:3072:S""]",0,0,0,,,
165,41086,Earring Mounting,"3 Prong Martini earrings, complete with ear backs",Round,.13 to .23ct up to 4.0mm,18ktyg,70001,,"[""23578:100034:S""]",2,,,,,2,"[""1912:39109:S""]",0,0,0,,,
166,41087,Earring Mounting,"3 Prong Martini earrings, complete with ear backs",Round,.13 to .23ct up to 4.0mm,18ktwg,70001,,"[""23578:100033:S""]",2,,,,,2,"[""1912:292742:S""]",0,0,0,,,
167,41088,Earring Mounting,"3 Prong Martini earrings, complete with ear backs",Round,.13 to .23ct up to 4.0mm,Platinum,70001,,"[""23578:100035:S""]",2,,,,,2,"[""3513:27891:S""]",0,0,0,,,
168,41089,Earring Mounting,"3 Prong Martini earrings, complete with ear backs",Round,.13 to .23ct up to 4.0mm,Silver,70001,,"[""23578:100036:S""]",2,,,,,2,"[""1912:3077:S""]",0,0,0,,,
169,41090,Earring Mounting,"3 Prong Martini earrings, complete with ear backs",Round,.24 to .35ct up to 4.5mm,14ktyg,70002,,"[""23578:100014:S""]",2,,,,,2,"[""1912:3073:S""]",0,0,0,,,
170,41091,Earring Mounting,"3 Prong Martini earrings, complete with ear backs",Round,.24 to .35ct up to 4.5mm,14ktwg,70002,,"[""23578:100013:S""]",2,,,,,2,"[""1912:3072:S""]",0,0,0,,,
171,41092,Earring Mounting,"3 Prong Martini earrings, complete with ear backs",Round,.24 to .35ct up to 4.5mm,18ktyg,70002,,"[""23578:100016:S""]",2,,,,,2,"[""1912:39109:S""]",0,0,0,,,
172,41093,Earring Mounting,"3 Prong Martini earrings, complete with ear backs",Round,.24 to .35ct up to 4.5mm,18ktwg,70002,,"[""23578:100015:S""]",2,,,,,2,"[""1912:292742:S""]",0,0,0,,,
173,41094,Earring Mounting,"3 Prong Martini earrings, complete with ear backs",Round,.24 to .35ct up to 4.5mm,Platinum,70002,,"[""23578:100017:S""]",2,,,,,2,"[""3513:27891:S""]",0,0,0,,,
174,41095,Earring Mounting,"3 Prong Martini earrings, complete with ear backs",Round,.24 to .35ct up to 4.5mm,Silver,70002,,"[""23578:1000140:S""]",2,,,,,2,"[""1912:3077:S""]",0,0,0,,,
175,41096,Earring Mounting,"3 Prong Martini earrings, complete with ear backs",Round,.36 to .47ct up to 5.0mm,14ktyg,70002,,"[""23578:100026:S""]",2,,,,,2,"[""1912:3073:S""]",0,0,0,,,
176,41097,Earring Mounting,"3 Prong Martini earrings, complete with ear backs",Round,.36 to .47ct up to 5.0mm,14ktwg,70002,,"[""23578:100025:S""]",2,,,,,2,"[""1912:3072:S""]",0,0,0,,,
177,41098,Earring Mounting,"3 Prong Martini earrings, complete with ear backs",Round,.36 to .47ct up to 5.0mm,18ktyg,70002,,"[""23578:100028:S""]",2,,,,,2,"[""1912:39109:S""]",0,0,0,,,
178,41099,Earring Mounting,"3 Prong Martini earrings, complete with ear backs",Round,.36 to .47ct up to 5.0mm,18ktwg,70002,,"[""23578:100027:S""]",2,,,,,2,"[""1912:292742:S""]",0,0,0,,,
179,41100,Earring Mounting,"3 Prong Martini earrings, complete with ear backs",Round,.36 to .47ct up to 5.0mm,Platinum,70002,,"[""23578:100029:S""]",2,,,,,2,"[""3513:27891:S""]",0,0,0,,,
180,41101,Earring Mounting,"3 Prong Martini earrings, complete with ear backs",Round,.36 to .47ct up to 5.0mm,Silver,70002,,"[""23578:1000260:S""]",2,,,,,2,"[""1912:3077:S""]",0,0,0,,,
181,41102,Earring Mounting,"3 Prong Martini earrings, complete with ear backs",Round,.48ct to .62ct up to 5.5mm,14ktyg,70002,,"[""23578:100056:S""]",2,,,,,2,"[""1912:3073:S""]",0,0,0,,,
182,41103,Earring Mounting,"3 Prong Martini earrings, complete with ear backs",Round,.48ct to .62ct up to 5.5mm,14ktwg,70002,,"[""23578:100055:S""]",2,,,,,2,"[""1912:3072:S""]",0,0,0,,,
183,41104,Earring Mounting,"3 Prong Martini earrings, complete with ear backs",Round,.48ct to .62ct up to 5.5mm,18ktyg,70002,,"[""23578:100058:S""]",2,,,,,2,"[""1912:39109:S""]",0,0,0,,,
184,41105,Earring Mounting,"3 Prong Martini earrings, complete with ear backs",Round,.48ct to .62ct up to 5.5mm,18ktwg,70002,,"[""23578:100057:S""]",2,,,,,2,"[""1912:292742:S""]",0,0,0,,,
185,41106,Earring Mounting,"3 Prong Martini earrings, complete with ear backs",Round,.48ct to .62ct up to 5.5mm,Platinum,70002,,"[""23578:100059:S""]",2,,,,,2,"[""3513:27891:S""]",0,0,0,,,
186,41107,Earring Mounting,"3 Prong Martini earrings, complete with ear backs",Round,.48ct to .62ct up to 5.5mm,Silver,70002,,"[""23578:1023:S""]",2,,,,,2,"[""1912:3077:S""]",0,0,0,,,
187,41108,Earring Mounting,"3 Prong Martini earrings, complete with ear backs",Round,.63 to .80ct up to 6.0mm,14ktyg,70003,,"[""23578:100044:S""]",2,,,,,2,"[""1912:3073:S""]",0,0,0,,,
188,41109,Earring Mounting,"3 Prong Martini earrings, complete with ear backs",Round,.63 to .80ct up to 6.0mm,14ktwg,70003,,"[""23578:100043:S""]",2,,,,,2,"[""1912:3072:S""]",0,0,0,,,
189,41110,Earring Mounting,"3 Prong Martini earrings, complete with ear backs",Round,.63 to .80ct up to 6.0mm,18ktyg,70003,,"[""23578:100046:S""]",2,,,,,2,"[""1912:39109:S""]",0,0,0,,,
190,41111,Earring Mounting,"3 Prong Martini earrings, complete with ear backs",Round,.63 to .80ct up to 6.0mm,18ktwg,70003,,"[""23578:100045:S""]",2,,,,,2,"[""1912:292742:S""]",0,0,0,,,
191,41112,Earring Mounting,"3 Prong Martini earrings, complete with ear backs",Round,.63 to .80ct up to 6.0mm,Platinum,70003,,"[""23578:100047:S""]",2,,,,,2,"[""3513:27891:S""]",0,0,0,,,
192,41113,Earring Mounting,"3 Prong Martini earrings, complete with ear backs",Round,.63 to .80ct up to 6.0mm,Silver,70003,,"[""23578:1000440:S""]",2,,,,,2,"[""1912:3077:S""]",0,0,0,,,
193,41114,Earring Mounting,"3 Prong Martini earrings, complete with ear backs",Round,.81. to 1.00ct up to 6.5mm,14ktyg,70004,,"[""23578:100068:S""]",2,,,,,2,"[""1912:3073:S""]",0,0,0,,,
194,41115,Earring Mounting,"3 Prong Martini earrings, complete with ear backs",Round,.81. to 1.00ct up to 6.5mm,14ktwg,70004,,"[""23578:100067:S""]",2,,,,,2,"[""1912:3072:S""]",0,0,0,,,
195,41116,Earring Mounting,"3 Prong Martini earrings, complete with ear backs",Round,.81. to 1.00ct up to 6.5mm,18ktyg,70004,,"[""23578:100070:S""]",2,,,,,2,"[""1912:39109:S""]",0,0,0,,,
196,41117,Earring Mounting,"3 Prong Martini earrings, complete with ear backs",Round,.81. to 1.00ct up to 6.5mm,18ktwg,70004,,"[""23578:100069:S""]",2,,,,,2,"[""1912:292742:S""]",0,0,0,,,
197,41118,Earring Mounting,"3 Prong Martini earrings, complete with ear backs",Round,.81. to 1.00ct up to 6.5mm,Platinum,70004,,"[""23578:100071:S""]",2,,,,,2,"[""3513:27891:S""]",0,0,0,,,
198,41119,Earring Mounting,"3 Prong Martini earrings, complete with ear backs",Round,.81. to 1.00ct up to 6.5mm,Silver,70004,,"[""23578:1012:S""]",2,,,,,2,"[""1912:3077:S""]",0,0,0,,,
199,41120,Earring Mounting,"3 Prong Martini earrings, complete with ear backs",Round,1.01ct. to 1.25ct up to 7.0mm,14ktyg,70004,,"[""23578:100002:S""]",2,,,,,2,"[""1912:3073:S""]",0,0,0,,,
200,41121,Earring Mounting,"3 Prong Martini earrings, complete with ear backs",Round,1.01ct. to 1.25ct up to 7.0mm,14ktwg,70004,,"[""23578:100001:S""]",2,,,,,2,"[""1912:3072:S""]",0,0,0,,,
201,41122,Earring Mounting,"3 Prong Martini earrings, complete with ear backs",Round,1.01ct. to 1.25ct up to 7.0mm,18ktyg,70004,,"[""23578:100004:S""]",2,,,,,2,"[""1912:39109:S""]",0,0,0,,,
202,41123,Earring Mounting,"3 Prong Martini earrings, complete with ear backs",Round,1.01ct. to 1.25ct up to 7.0mm,18ktwg,70004,,"[""23578:100003:S""]",2,,,,,2,"[""1912:292742:S""]",0,0,0,,,
203,41124,Earring Mounting,"3 Prong Martini earrings, complete with ear backs",Round,1.01ct. to 1.25ct up to 7.0mm,Platinum,70004,,"[""23578:100005:S""]",2,,,,,2,"[""3513:27891:S""]",0,0,0,,,
204,41125,Earring Mounting,"3 Prong Martini earrings, complete with ear backs",Round,1.01ct. to 1.25ct up to 7.0mm,Silver,70004,,"[""23578:100012:S""]",2,,,,,2,"[""1912:3077:S""]",0,0,0,,,
205,41126,Earring Mounting,"3 Prong Martini earrings, complete with ear backs",Round,1.26 to 1.55ct up to 7.5mm,14ktyg,70005,,"[""23578:100020:S""]",2,,,,,2,"[""1912:3073:S""]",0,0,0,,,
206,41127,Earring Mounting,"3 Prong Martini earrings, complete with ear backs",Round,1.26 to 1.55ct up to 7.5mm,14ktwg,70005,,"[""23578:100019:S""]",2,,,,,2,"[""1912:3072:S""]",0,0,0,,,
207,41128,Earring Mounting,"3 Prong Martini earrings, complete with ear backs",Round,1.26 to 1.55ct up to 7.5mm,18ktyg,70005,,"[""23578:100022:S""]",2,,,,,2,"[""1912:39109:S""]",0,0,0,,,
208,41129,Earring Mounting,"3 Prong Martini earrings, complete with ear backs",Round,1.26 to 1.55ct up to 7.5mm,18ktwg,70005,,"[""23578:100021:S""]",2,,,,,2,"[""1912:292742:S""]",0,0,0,,,
209,41130,Earring Mounting,"3 Prong Martini earrings, complete with ear backs",Round,1.26 to 1.55ct up to 7.5mm,Platinum,70005,,"[""23578:100023:S""]",2,,,,,2,"[""3513:27891:S""]",0,0,0,,,
210,41131,Earring Mounting,"3 Prong Martini earrings, complete with ear backs",Round,1.26 to 1.55ct up to 7.5mm,Silver,70005,,"[""23578:1000200:S""]",2,,,,,2,"[""1912:3077:S""]",0,0,0,,,
211,41132,Earring Mounting,"3 Prong Martini earrings, complete with ear backs",Round,1.56 to 1.90ct up to 8.00mm,14ktyg,70006,,"[""23578:100050:S""]",2,,,,,2,"[""1912:3073:S""]",0,0,0,,,
212,41133,Earring Mounting,"3 Prong Martini earrings, complete with ear backs",Round,1.56 to 1.90ct up to 8.00mm,14ktwg,70006,,"[""23578:100049:S""]",2,,,,,2,"[""1912:3072:S""]",0,0,0,,,
213,41134,Earring Mounting,"3 Prong Martini earrings, complete with ear backs",Round,1.56 to 1.90ct up to 8.00mm,18ktyg,70006,,"[""23578:100052:S""]",2,,,,,2,"[""1912:39109:S""]",0,0,0,,,
214,41135,Earring Mounting,"3 Prong Martini earrings, complete with ear backs",Round,1.56 to 1.90ct up to 8.00mm,18ktwg,70006,,"[""23578:100051:S""]",2,,,,,2,"[""1912:292742:S""]",0,0,0,,,
215,41136,Earring Mounting,"3 Prong Martini earrings, complete with ear backs",Round,1.56 to 1.90ct up to 8.00mm,Platinum,70006,,"[""23578:100053:S""]",2,,,,,2,"[""3513:27891:S""]",0,0,0,,,
216,41137,Earring Mounting,"3 Prong Martini earrings, complete with ear backs",Round,1.56 to 1.90ct up to 8.00mm,Silver,70006,,"[""23578:1011:S""]",2,,,,,2,"[""1912:3077:S""]",0,0,0,,,
217,41138,Earring Mounting,"3 Prong Martini earrings, complete with ear backs",Round,1.91 to 2.20ct up to 8.50mm,14ktyg,70006,,"[""23578:1026:S""]",2,,,,,2,"[""1912:3073:S""]",0,0,0,,,
218,41139,Earring Mounting,"3 Prong Martini earrings, complete with ear backs",Round,1.91 to 2.20ct up to 8.50mm,14ktwg,70006,,"[""23578:1025:S""]",2,,,,,2,"[""1912:3072:S""]",0,0,0,,,
219,41140,Earring Mounting,"3 Prong Martini earrings, complete with ear backs",Round,1.91 to 2.20ct up to 8.50mm,18ktyg,70006,,"[""23578:1032:S""]",2,,,,,2,"[""1912:39109:S""]",0,0,0,,,
220,41141,Earring Mounting,"3 Prong Martini earrings, complete with ear backs",Round,1.91 to 2.20ct up to 8.50mm,18ktwg,70006,,"[""23578:1031:S""]",2,,,,,2,"[""1912:292742:S""]",0,0,0,,,
221,41142,Earring Mounting,"3 Prong Martini earrings, complete with ear backs",Round,1.91 to 2.20ct up to 8.50mm,Platinum,70006,,"[""23578:1034:S""]",2,,,,,2,"[""3513:27891:S""]",0,0,0,,,
222,41143,Earring Mounting,"3 Prong Martini earrings, complete with ear backs",Round,1.91 to 2.20ct up to 8.50mm,Silver,70006,,"[""23578:1035:S""]",2,,,,,2,"[""1912:3077:S""]",0,0,0,,,
223,41144,Earring Mounting,"Bezel Set earrings, Cocktail Style with ear Backs",Round,.11cts: 3.0mm,14ktyg,70201,,"[""29921:1002:S""]",2,,,,,2,"[""1912:3073:S""]",0,0,0,,,
224,41145,Earring Mounting,"Bezel Set earrings, Cocktail Style with ear Backs",Round,.11cts: 3.0mm,14ktwg,70201,,"[""29921:1001:S""]",2,,,,,2,"[""1912:3072:S""]",0,0,0,,,
225,41146,Earring Mounting,"Bezel Set earrings, Cocktail Style with ear Backs",Round,.11cts: 3.0mm,18ktyg,70201,,"[""29921:1007:S""]",2,,,,,2,"[""1912:39109:S""]",0,0,0,,,
226,41147,Earring Mounting,"Bezel Set earrings, Cocktail Style with ear Backs",Round,.11cts: 3.0mm,18ktwg,70201,,"[""29921:1006:S""]",2,,,,,2,"[""1912:292742:S""]",0,0,0,,,
227,41148,Earring Mounting,"Bezel Set earrings, Cocktail Style with ear Backs",Round,.11cts: 3.0mm,Platinum,70201,,"[""29921:1008:S""]",2,,,,,2,"[""3513:27891:S""]",0,0,0,,,
228,41149,Earring Mounting,"Bezel Set earrings, Cocktail Style with ear Backs",Round,.11cts: 3.0mm,Silver,70201,,"[""29921:1009:S""]",2,,,,,2,"[""1912:3077:S""]",0,0,0,,,
229,41150,Earring Mounting,"Bezel Set earrings, Cocktail Style with ear Backs",Round,.16cts: 3.4mm,14ktyg,70202,,"[""29921:1012:S""]",2,,,,,2,"[""1912:3073:S""]",0,0,0,,,
230,41151,Earring Mounting,"Bezel Set earrings, Cocktail Style with ear Backs",Round,.16cts: 3.4mm,14ktwg,70202,,"[""29921:1011:S""]",2,,,,,2,"[""1912:3072:S""]",0,0,0,,,
231,41152,Earring Mounting,"Bezel Set earrings, Cocktail Style with ear Backs",Round,.16cts: 3.4mm,18ktyg,70202,,"[""29921:1017:S""]",2,,,,,2,"[""1912:39109:S""]",0,0,0,,,
232,41153,Earring Mounting,"Bezel Set earrings, Cocktail Style with ear Backs",Round,.16cts: 3.4mm,18ktwg,70202,,"[""29921:1016:S""]",2,,,,,2,"[""1912:292742:S""]",0,0,0,,,
233,41154,Earring Mounting,"Bezel Set earrings, Cocktail Style with ear Backs",Round,.16cts: 3.4mm,Platinum,70202,,"[""29921:1018:S""]",2,,,,,2,"[""3513:27891:S""]",0,0,0,,,
234,41155,Earring Mounting,"Bezel Set earrings, Cocktail Style with ear Backs",Round,.16cts: 3.4mm,Silver,70202,,"[""29921:1019:S""]",2,,,,,2,"[""1912:3077:S""]",0,0,0,,,
235,41156,Earring Mounting,"Bezel Set earrings, Cocktail Style with ear Backs",Round,.25cts: 4.1mm,14ktyg,70202,,"[""29921:1022:S""]",2,,,,,2,"[""1912:3073:S""]",0,0,0,,,
236,41157,Earring Mounting,"Bezel Set earrings, Cocktail Style with ear Backs",Round,.25cts: 4.1mm,14ktwg,70202,,"[""29921:1021:S""]",2,,,,,2,"[""1912:3072:S""]",0,0,0,,,
237,41158,Earring Mounting,"Bezel Set earrings, Cocktail Style with ear Backs",Round,.25cts: 4.1mm,18ktyg,70202,,"[""29921:1027:S""]",2,,,,,2,"[""1912:39109:S""]",0,0,0,,,
238,41159,Earring Mounting,"Bezel Set earrings, Cocktail Style with ear Backs",Round,.25cts: 4.1mm,18ktwg,70202,,"[""29921:1026:S""]",2,,,,,2,"[""1912:292742:S""]",0,0,0,,,
239,41160,Earring Mounting,"Bezel Set earrings, Cocktail Style with ear Backs",Round,.25cts: 4.1mm,Platinum,70202,,"[""29921:1028:S""]",2,,,,,2,"[""3513:27891:S""]",0,0,0,,,
240,41161,Earring Mounting,"Bezel Set earrings, Cocktail Style with ear Backs",Round,.25cts: 4.1mm,Silver,70202,,"[""29921:1029:S""]",2,,,,,2,"[""1912:3077:S""]",0,0,0,,,
241,41162,Earring Mounting,"Bezel Set earrings, Cocktail Style with ear Backs",Round,.33cts: 4.4mm,14ktyg,70202,,"[""29921:1032:S""]",2,,,,,2,"[""1912:3073:S""]",0,0,0,,,
242,41163,Earring Mounting,"Bezel Set earrings, Cocktail Style with ear Backs",Round,.33cts: 4.4mm,14ktwg,70202,,"[""29921:1036:S""]",2,,,,,2,"[""1912:3072:S""]",0,0,0,,,
243,41164,Earring Mounting,"Bezel Set earrings, Cocktail Style with ear Backs",Round,.33cts: 4.4mm,18ktyg,70202,,"[""29921:1037:S""]",2,,,,,2,"[""1912:39109:S""]",0,0,0,,,
244,41165,Earring Mounting,"Bezel Set earrings, Cocktail Style with ear Backs",Round,.33cts: 4.4mm,18ktwg,70202,,"[""29921:1036:S""]",2,,,,,2,"[""1912:292742:S""]",0,0,0,,,
245,41166,Earring Mounting,"Bezel Set earrings, Cocktail Style with ear Backs",Round,.33cts: 4.4mm,Platinum,70202,,"[""29921:1038:S""]",2,,,,,2,"[""3513:27891:S""]",0,0,0,,,
246,41167,Earring Mounting,"Bezel Set earrings, Cocktail Style with ear Backs",Round,.33cts: 4.4mm,Silver,70202,,"[""29921:1039:S""]",2,,,,,2,"[""1912:3077:S""]",0,0,0,,,
247,41168,Earring Mounting,"Bezel Set earrings, Cocktail Style with ear Backs",Round,.40cts: 4.8mm,14ktyg,70202,,"[""29921:1042:S""]",2,,,,,2,"[""1912:3073:S""]",0,0,0,,,
248,41169,Earring Mounting,"Bezel Set earrings, Cocktail Style with ear Backs",Round,.40cts: 4.8mm,14ktwg,70202,,"[""29921:1041:S""]",2,,,,,2,"[""1912:3072:S""]",0,0,0,,,
249,41170,Earring Mounting,"Bezel Set earrings, Cocktail Style with ear Backs",Round,.40cts: 4.8mm,18ktyg,70202,,"[""29921:1047:S""]",2,,,,,2,"[""1912:39109:S""]",0,0,0,,,
250,41171,Earring Mounting,"Bezel Set earrings, Cocktail Style with ear Backs",Round,.40cts: 4.8mm,18ktwg,70202,,"[""29921:1046:S""]",2,,,,,2,"[""1912:292742:S""]",0,0,0,,,
251,41172,Earring Mounting,"Bezel Set earrings, Cocktail Style with ear Backs",Round,.40cts: 4.8mm,Platinum,70202,,"[""29921:1048:S""]",2,,,,,2,"[""3513:27891:S""]",0,0,0,,,
252,41173,Earring Mounting,"Bezel Set earrings, Cocktail Style with ear Backs",Round,.40cts: 4.8mm,Silver,70202,,"[""29921:1049:S""]",2,,,,,2,"[""1912:3077:S""]",0,0,0,,,
253,41174,Earring Mounting,"Bezel Set earrings, Cocktail Style with ear Backs",Round,.50cts: 5.2mm,14ktyg,70203,,"[""29921:1052:S""]",2,,,,,2,"[""1912:3073:S""]",0,0,0,,,
254,41175,Earring Mounting,"Bezel Set earrings, Cocktail Style with ear Backs",Round,.50cts: 5.2mm,14ktwg,70203,,"[""29921:1051:S""]",2,,,,,2,"[""1912:3072:S""]",0,0,0,,,
255,41176,Earring Mounting,"Bezel Set earrings, Cocktail Style with ear Backs",Round,.50cts: 5.2mm,18ktyg,70203,,"[""29921:1057:S""]",2,,,,,2,"[""1912:39109:S""]",0,0,0,,,
256,41177,Earring Mounting,"Bezel Set earrings, Cocktail Style with ear Backs",Round,.50cts: 5.2mm,18ktwg,70203,,"[""29921:1056:S""]",2,,,,,2,"[""1912:292742:S""]",0,0,0,,,
257,41178,Earring Mounting,"Bezel Set earrings, Cocktail Style with ear Backs",Round,.50cts: 5.2mm,Platinum,70203,,"[""29921:1058:S""]",2,,,,,2,"[""3513:27891:S""]",0,0,0,,,
258,41179,Earring Mounting,"Bezel Set earrings, Cocktail Style with ear Backs",Round,.50cts: 5.2mm,Silver,70203,,"[""29921:1059:S""]",2,,,,,2,"[""1912:3077:S""]",0,0,0,,,
259,41180,Earring Mounting,"Bezel Set earrings, Cocktail Style with ear Backs",Round,.65cts: 5.6mm,14ktyg,70203,,"[""29921:1062:S""]",2,,,,,2,"[""1912:3073:S""]",0,0,0,,,
260,41181,Earring Mounting,"Bezel Set earrings, Cocktail Style with ear Backs",Round,.65cts: 5.6mm,14ktwg,70203,,"[""29921:1061:S""]",2,,,,,2,"[""1912:3072:S""]",0,0,0,,,
261,41182,Earring Mounting,"Bezel Set earrings, Cocktail Style with ear Backs",Round,.65cts: 5.6mm,18ktyg,70203,,"[""29921:1067:S""]",2,,,,,2,"[""1912:39109:S""]",0,0,0,,,
262,41183,Earring Mounting,"Bezel Set earrings, Cocktail Style with ear Backs",Round,.65cts: 5.6mm,18ktwg,70203,,"[""29921:1066:S""]",2,,,,,2,"[""1912:292742:S""]",0,0,0,,,
263,41184,Earring Mounting,"Bezel Set earrings, Cocktail Style with ear Backs",Round,.65cts: 5.6mm,Platinum,70203,,"[""29921:1068:S""]",2,,,,,2,"[""3513:27891:S""]",0,0,0,,,
264,41185,Earring Mounting,"Bezel Set earrings, Cocktail Style with ear Backs",Round,.65cts: 5.6mm,Silver,70203,,"[""29921:1069:S""]",2,,,,,2,"[""1912:3077:S""]",0,0,0,,,
265,41186,Earring Mounting,"Bezel Set earrings, Cocktail Style with ear Backs",Round,.75cts: 5.8mm,14ktyg,70203,,"[""29921:1072:S""]",2,,,,,2,"[""1912:3073:S""]",0,0,0,,,
266,41187,Earring Mounting,"Bezel Set earrings, Cocktail Style with ear Backs",Round,.75cts: 5.8mm,14ktwg,70203,,"[""29921:1071:S""]",2,,,,,2,"[""1912:3072:S""]",0,0,0,,,
267,41188,Earring Mounting,"Bezel Set earrings, Cocktail Style with ear Backs",Round,.75cts: 5.8mm,18ktyg,70203,,"[""29921:1077:S""]",2,,,,,2,"[""1912:39109:S""]",0,0,0,,,
268,41189,Earring Mounting,"Bezel Set earrings, Cocktail Style with ear Backs",Round,.75cts: 5.8mm,18ktwg,70203,,"[""29921:1076:S""]",2,,,,,2,"[""1912:292742:S""]",0,0,0,,,
269,41190,Earring Mounting,"Bezel Set earrings, Cocktail Style with ear Backs",Round,.75cts: 5.8mm,Platinum,70203,,"[""29921:1078:S""]",2,,,,,2,"[""3513:27891:S""]",0,0,0,,,
270,41191,Earring Mounting,"Bezel Set earrings, Cocktail Style with ear Backs",Round,.75cts: 5.8mm,Silver,70203,,"[""29921:1079:S""]",2,,,,,2,"[""1912:3077:S""]",0,0,0,,,
271,41192,Earring Mounting,"Bezel Set earrings, Cocktail Style with ear Backs",Round,.80cts: 6.0mm,14ktyg,70204,,"[""29921:1082:S""]",2,,,,,2,"[""1912:3073:S""]",0,0,0,,,
272,41193,Earring Mounting,"Bezel Set earrings, Cocktail Style with ear Backs",Round,.80cts: 6.0mm,14ktwg,70204,,"[""29921:1081:S""]",2,,,,,2,"[""1912:3072:S""]",0,0,0,,,
273,41194,Earring Mounting,"Bezel Set earrings, Cocktail Style with ear Backs",Round,.80cts: 6.0mm,18ktyg,70204,,"[""29921:1087:S""]",2,,,,,2,"[""1912:39109:S""]",0,0,0,,,
274,41195,Earring Mounting,"Bezel Set earrings, Cocktail Style with ear Backs",Round,.80cts: 6.0mm,18ktwg,70204,,"[""29921:1086:S""]",2,,,,,2,"[""1912:292742:S""]",0,0,0,,,
275,41196,Earring Mounting,"Bezel Set earrings, Cocktail Style with ear Backs",Round,.80cts: 6.0mm,Platinum,70204,,"[""29921:1088:S""]",2,,,,,2,"[""3513:27891:S""]",0,0,0,,,
276,41197,Earring Mounting,"Bezel Set earrings, Cocktail Style with ear Backs",Round,.80cts: 6.0mm,Silver,70204,,"[""29921:1089:S""]",2,,,,,2,"[""1912:3077:S""]",0,0,0,,,
277,41198,Earring Mounting,"Bezel Set earrings, Cocktail Style with ear Backs",Round,1.0cts: 6.5mm,14ktyg,70204,,"[""29921:1092:S""]",2,,,,,2,"[""1912:3073:S""]",0,0,0,,,
278,41199,Earring Mounting,"Bezel Set earrings, Cocktail Style with ear Backs",Round,1.0cts: 6.5mm,14ktwg,70204,,"[""29921:1091:S""]",2,,,,,2,"[""1912:3072:S""]",0,0,0,,,
279,41200,Earring Mounting,"Bezel Set earrings, Cocktail Style with ear Backs",Round,1.0cts: 6.5mm,18ktyg,70204,,"[""29921:1097:S""]",2,,,,,2,"[""1912:39109:S""]",0,0,0,,,
280,41201,Earring Mounting,"Bezel Set earrings, Cocktail Style with ear Backs",Round,1.0cts: 6.5mm,18ktwg,70204,,"[""29921:1096:S""]",2,,,,,2,"[""1912:292742:S""]",0,0,0,,,
281,41202,Earring Mounting,"Bezel Set earrings, Cocktail Style with ear Backs",Round,1.0cts: 6.5mm,Platinum,70204,,"[""29921:1098:S""]",2,,,,,2,"[""3513:27891:S""]",0,0,0,,,
282,41203,Earring Mounting,"Bezel Set earrings, Cocktail Style with ear Backs",Round,1.0cts: 6.5mm,Silver,70204,,"[""29921:1099:S""]",2,,,,,2,"[""1912:3077:S""]",0,0,0,,,
283,41204,Earring Mounting,"4 Prong Open Earrings Mtg, With post and back",Emerald Cut,4x3mm,14ktyg,70701,,"[""1872:25504:S""]",2,,,,,2,"[""1912:3073:S""]",0,0,0,,,
284,41205,Earring Mounting,"4 Prong Open Earrings Mtg, With post and back",Emerald Cut,4x3mm,14ktwg,70701,,"[""1872:25498:S""]",2,,,,,2,"[""1912:3072:S""]",0,0,0,,,
285,41206,Earring Mounting,"4 Prong Open Earrings Mtg, With post and back",Emerald Cut,4x3mm,18ktyg,70701,,"[""1872:312271:S""]",2,,,,,2,"[""1912:39109:S""]",0,0,0,,,
286,41207,Earring Mounting,"4 Prong Open Earrings Mtg, With post and back",Emerald Cut,4x3mm,18ktwg,70701,,"[""1872:312253:S""]",2,,,,,2,"[""1912:292742:S""]",0,0,0,,,
287,41208,Earring Mounting,"4 Prong Open Earrings Mtg, With post and back",Emerald Cut,4x3mm,Platinum,70701,,"[""1872:255040:S""]",2,,,,,2,"[""3513:27891:S""]",0,0,0,,,
288,41209,Earring Mounting,"4 Prong Open Earrings Mtg, With post and back",Emerald Cut,4x3mm,Silver,70701,,"[""1872:25497:S""]",2,,,,,2,"[""1912:3077:S""]",0,0,0,,,
289,41210,Earring Mounting,"4 Prong Open Earrings Mtg, With post and back",Emerald Cut,5x3mm,14ktyg,70702,,"[""1872:25505:S""]",2,,,,,2,"[""1912:3073:S""]",0,0,0,,,
290,41211,Earring Mounting,"4 Prong Open Earrings Mtg, With post and back",Emerald Cut,5x3mm,14ktwg,70702,,"[""1872:25499:S""]",2,,,,,2,"[""1912:3072:S""]",0,0,0,,,
291,41212,Earring Mounting,"4 Prong Open Earrings Mtg, With post and back",Emerald Cut,5x3mm,18ktyg,70702,,"[""1872:38573:S""]",2,,,,,2,"[""1912:39109:S""]",0,0,0,,,
292,41213,Earring Mounting,"4 Prong Open Earrings Mtg, With post and back",Emerald Cut,5x3mm,18ktwg,70702,,"[""1872:312254:S""]",2,,,,,2,"[""1912:292742:S""]",0,0,0,,,
293,41214,Earring Mounting,"4 Prong Open Earrings Mtg, With post and back",Emerald Cut,5x3mm,Platinum,70702,,"[""1872:3581:S""]",2,,,,,2,"[""3513:27891:S""]",0,0,0,,,
294,41215,Earring Mounting,"4 Prong Open Earrings Mtg, With post and back",Emerald Cut,5x3mm,Silver,70702,,"[""1872:25497:S""]",2,,,,,2,"[""1912:3077:S""]",0,0,0,,,
295,41216,Earring Mounting,"4 Prong Open Earrings Mtg, With post and back",Emerald Cut,6x4mm,14ktyg,70703,,"[""1872:25506:S""]",2,,,,,2,"[""1912:3073:S""]",0,0,0,,,
296,41217,Earring Mounting,"4 Prong Open Earrings Mtg, With post and back",Emerald Cut,6x4mm,14ktwg,70703,,"[""1872:1014:S""]",2,,,,,2,"[""1912:3072:S""]",0,0,0,,,
297,41218,Earring Mounting,"4 Prong Open Earrings Mtg, With post and back",Emerald Cut,6x4mm,18ktyg,70703,,"[""1872:25510:S""]",2,,,,,2,"[""1912:39109:S""]",0,0,0,,,
298,41219,Earring Mounting,"4 Prong Open Earrings Mtg, With post and back",Emerald Cut,6x4mm,18ktwg,70703,,"[""1872:312255:S""]",2,,,,,2,"[""1912:292742:S""]",0,0,0,,,
299,41220,Earring Mounting,"4 Prong Open Earrings Mtg, With post and back",Emerald Cut,6x4mm,Platinum,70703,,"[""1872:3582:S""]",2,,,,,2,"[""3513:27891:S""]",0,0,0,,,
300,41221,Earring Mounting,"4 Prong Open Earrings Mtg, With post and back",Emerald Cut,6x4mm,Silver,70703,,"[""1872:25512:S""]",2,,,,,2,"[""1912:3077:S""]",0,0,0,,,
301,41222,Earring Mounting,"4 Prong Open Earrings Mtg, With post and back",Emerald Cut,7x5mm,14ktyg,70704,,"[""1872:25507:S""]",2,,,,,2,"[""1912:3073:S""]",0,0,0,,,
302,41223,Earring Mounting,"4 Prong Open Earrings Mtg, With post and back",Emerald Cut,7x5mm,14ktwg,70704,,"[""1872:25501:S""]",2,,,,,2,"[""1912:3072:S""]",0,0,0,,,
303,41224,Earring Mounting,"4 Prong Open Earrings Mtg, With post and back",Emerald Cut,7x5mm,18ktyg,70704,,"[""1872:25511:S""]",2,,,,,2,"[""1912:39109:S""]",0,0,0,,,
304,41225,Earring Mounting,"4 Prong Open Earrings Mtg, With post and back",Emerald Cut,7x5mm,18ktwg,70704,,"[""1872:312256:S""]",2,,,,,2,"[""1912:292742:S""]",0,0,0,,,
305,41226,Earring Mounting,"4 Prong Open Earrings Mtg, With post and back",Emerald Cut,7x5mm,Platinum,70704,,"[""1872:3583:S""]",2,,,,,2,"[""3513:27891:S""]",0,0,0,,,
306,41227,Earring Mounting,"4 Prong Open Earrings Mtg, With post and back",Emerald Cut,7x5mm,Silver,70704,,"[""1872:10001:S""]",2,,,,,2,"[""1912:3077:S""]",0,0,0,,,
307,41228,Earring Mounting,"4 Prong Open Earrings Mtg, With post and back",Emerald Cut,8x6mm,14ktyg,70705,,"[""1872:25508:S""]",2,,,,,2,"[""1912:3073:S""]",0,0,0,,,
308,41229,Earring Mounting,"4 Prong Open Earrings Mtg, With post and back",Emerald Cut,8x6mm,14ktwg,70705,,"[""1872:25502:S""]",2,,,,,2,"[""1912:3072:S""]",0,0,0,,,
309,41230,Earring Mounting,"4 Prong Open Earrings Mtg, With post and back",Emerald Cut,8x6mm,18ktyg,70705,,"[""1872:38572:S""]",2,,,,,2,"[""1912:39109:S""]",0,0,0,,,
310,41231,Earring Mounting,"4 Prong Open Earrings Mtg, With post and back",Emerald Cut,8x6mm,18ktwg,70705,,"[""1872:312257:S""]",2,,,,,2,"[""1912:292742:S""]",0,0,0,,,
311,41232,Earring Mounting,"4 Prong Open Earrings Mtg, With post and back",Emerald Cut,8x6mm,Platinum,70705,,"[""1872:38575:S""]",2,,,,,2,"[""3513:27891:S""]",0,0,0,,,
312,41233,Earring Mounting,"4 Prong Open Earrings Mtg, With post and back",Emerald Cut,8x6mm,Silver,70705,,"[""1872:38589:S""]",2,,,,,2,"[""1912:3077:S""]",0,0,0,,,
313,41234,Earring Mounting,"4 Prong Open Earrings Mtg, With post and back",Emerald Cut,9x7mm,14ktyg,70706,,"[""1872:25509:S""]",2,,,,,2,"[""1912:3073:S""]",0,0,0,,,
314,41235,Earring Mounting,"4 Prong Open Earrings Mtg, With post and back",Emerald Cut,9x7mm,14ktwg,70706,,"[""1872:25503:S""]",2,,,,,2,"[""1912:3072:S""]",0,0,0,,,
315,41236,Earring Mounting,"4 Prong Open Earrings Mtg, With post and back",Emerald Cut,9x7mm,18ktyg,70706,,"[""1872:312273:S""]",2,,,,,2,"[""1912:39109:S""]",0,0,0,,,
316,41237,Earring Mounting,"4 Prong Open Earrings Mtg, With post and back",Emerald Cut,9x7mm,18ktwg,70706,,"[""1872:312258:S""]",2,,,,,2,"[""1912:292742:S""]",0,0,0,,,
317,41238,Earring Mounting,"4 Prong Open Earrings Mtg, With post and back",Emerald Cut,9x7mm,Platinum,70706,,"[""1872:25514:S""]",2,,,,,2,"[""3513:27891:S""]",0,0,0,,,
318,41239,Earring Mounting,"4 Prong Open Earrings Mtg, With post and back",Emerald Cut,9x7mm,Silver,70706,,"[""872:1005:S""]",2,,,,,2,"[""1912:3077:S""]",0,0,0,,,
319,41240,Earring Mounting,"4 Prong Open Earrings Mtg, With post and back",Emerald Cut,10x8mm,14ktyg,70707,,"[""1872:37661:S""]",2,,,,,2,"[""1912:3073:S""]",0,0,0,,,
320,41241,Earring Mounting,"4 Prong Open Earrings Mtg, With post and back",Emerald Cut,10x8mm,14ktwg,70707,,"[""1872:38571:S""]",2,,,,,2,"[""1912:3072:S""]",0,0,0,,,
321,41242,Earring Mounting,"4 Prong Open Earrings Mtg, With post and back",Emerald Cut,10x8mm,18ktyg,70707,,"[""1872:312279:S""]",2,,,,,2,"[""1912:39109:S""]",0,0,0,,,
322,41243,Earring Mounting,"4 Prong Open Earrings Mtg, With post and back",Emerald Cut,10x8mm,18ktwg,70707,,"[""1872:38574:S""]",2,,,,,2,"[""1912:292742:S""]",0,0,0,,,
323,41244,Earring Mounting,"4 Prong Open Earrings Mtg, With post and back",Emerald Cut,10x8mm,Platinum,70707,,"[""1872:37662:S""]",2,,,,,2,"[""3513:27891:S""]",0,0,0,,,
324,41245,Earring Mounting,"4 Prong Open Earrings Mtg, With post and back",Emerald Cut,10x8mm,Silver,70707,,"[""1872:37660:S""]",2,,,,,2,"[""1912:3077:S""]",0,0,0,,,
325,41246,Earring Mounting,"4 Prong Open Earrings Mtg, With post and back",Emerald Cut,11x9mm,14ktyg,70708,,"[""1872:38542:S""]",2,,,,,2,"[""1912:3073:S""]",0,0,0,,,
326,41247,Earring Mounting,"4 Prong Open Earrings Mtg, With post and back",Emerald Cut,11x9mm,14ktwg,70708,,"[""1872:38543:S""]",2,,,,,2,"[""1912:3072:S""]",0,0,0,,,
327,41248,Earring Mounting,"4 Prong Open Earrings Mtg, With post and back",Emerald Cut,11x9mm,18ktyg,70708,,"[""1872:312281:S""]",2,,,,,2,"[""1912:39109:S""]",0,0,0,,,
328,41249,Earring Mounting,"4 Prong Open Earrings Mtg, With post and back",Emerald Cut,11x9mm,18ktwg,70708,,"[""1872:312260:S""]",2,,,,,2,"[""1912:292742:S""]",0,0,0,,,
329,41250,Earring Mounting,"4 Prong Open Earrings Mtg, With post and back",Emerald Cut,11x9mm,Platinum,70708,,"[""1872:1009:S""]",2,,,,,2,"[""3513:27891:S""]",0,0,0,,,
330,41251,Earring Mounting,"4 Prong Open Earrings Mtg, With post and back",Emerald Cut,11x9mm,Silver,70708,,"[""1872:385420:S""]",2,,,,,2,"[""1912:3077:S""]",0,0,0,,,
331,41252,Earring Mounting,"4 Prong Open Earrings Mtg, With post and back",Emerald Cut,12x10mm,14ktyg,70709,,"[""1872:38540:S""]",2,,,,,2,"[""1912:3073:S""]",0,0,0,,,
332,41253,Earring Mounting,"4 Prong Open Earrings Mtg, With post and back",Emerald Cut,12x10mm,14ktwg,70709,,"[""1872:38541:S""]",2,,,,,2,"[""1912:3072:S""]",0,0,0,,,
333,41254,Earring Mounting,"4 Prong Open Earrings Mtg, With post and back",Emerald Cut,12x10mm,18ktyg,70709,,"[""1872:312282:S""]",2,,,,,2,"[""1912:39109:S""]",0,0,0,,,
334,41255,Earring Mounting,"4 Prong Open Earrings Mtg, With post and back",Emerald Cut,12x10mm,18ktwg,70709,,"[""1872:312263:S""]",2,,,,,2,"[""1912:292742:S""]",0,0,0,,,
335,41256,Earring Mounting,"4 Prong Open Earrings Mtg, With post and back",Emerald Cut,12x10mm,Platinum,70709,,"[""1872:255040:S""]",2,,,,,2,"[""3513:27891:S""]",0,0,0,,,
336,41257,Earring Mounting,"4 Prong Open Earrings Mtg, With post and back",Emerald Cut,12x10mm,Silver,70709,,"[""1872:38539:S""]",2,,,,,2,"[""1912:3077:S""]",0,0,0,,,
337,41258,Earring Mounting,"4 Prong Open Earrings Mtg, With post and back",Emerald Cut,14x10mm,14ktyg,70709,,"[""1872:107074:S""]",2,,,,,2,"[""1912:3073:S""]",0,0,0,,,
338,41259,Earring Mounting,"4 Prong Open Earrings Mtg, With post and back",Emerald Cut,14x10mm,14ktwg,70709,,"[""1872:107075:S""]",2,,,,,2,"[""1912:3072:S""]",0,0,0,,,
339,41260,Earring Mounting,"4 Prong Open Earrings Mtg, With post and back",Emerald Cut,14x10mm,18ktwg,70709,,"[""1872:107073:S""]",2,,,,,2,"[""1912:292742:S""]",0,0,0,,,
340,41261,Earring Mounting,"4 Prong Open Earrings Mtg, With post and back",Emerald Cut,14x10mm,Silver,70709,,"[""1872:107072:S""]",2,,,,,2,"[""1912:3077:S""]",0,0,0,,,
341,41262,Earring Mounting,"4 Prong Open Earrings Mtg, With post and back",Emerald Cut,14x12mm,14ktyg,70709,,"[""1872:107163:S""]",2,,,,,2,"[""1912:3073:S""]",0,0,0,,,
342,41263,Earring Mounting,"4 Prong Open Earrings Mtg, With post and back",Emerald Cut,14x12mm,14ktwg,70709,,"[""1872:107164:S""]",2,,,,,2,"[""1912:3072:S""]",0,0,0,,,
343,41264,Earring Mounting,"4 Prong Open Earrings Mtg, With post and back",Emerald Cut,14x12mm,18ktwg,70708,,"[""1872:107165:S""]",2,,,,,2,"[""1912:292742:S""]",0,0,0,,,
344,41265,Earring Mounting,"4 Prong Open Earrings Mtg, With post and back",Emerald Cut,14x12mm,Silver,70708,,"[""1872:107162:S""]",2,,,,,2,"[""1912:3077:S""]",0,0,0,,,
345,41266,Earring Mounting,"4 Prong Open Earrings Mtg, With post and back",Oval,4x3mm,14ktyg,70602,,"[""1870:25528:S""]",2,,,,,2,"[""1912:3073:S""]",0,0,0,,,
346,41267,Earring Mounting,"4 Prong Open Earrings Mtg, With post and back",Oval,4x3mm,Platinum,70602,,"[""1870:306865:S""]",2,,,,,2,"[""3513:27891:S""]",0,0,0,,,
347,41268,Earring Mounting,"4 Prong Open Earrings Mtg, With post and back",Oval,4x3mm,Silver,70602,,"[""1870:25527:S""]",2,,,,,2,"[""1912:3077:S""]",0,0,0,,,
348,41269,Earring Mounting,"4 Prong Open Earrings Mtg, With post and back",Oval,5x3mm,14ktyg,70602,,"[""1870:25529:S""]",2,,,,,2,"[""1912:3073:S""]",0,0,0,,,
349,41270,Earring Mounting,"4 Prong Open Earrings Mtg, With post and back",Oval,5x3mm,14ktwg,70602,,"[""1870:25536:S""]",2,,,,,2,"[""1912:3072:S""]",0,0,0,,,
350,41271,Earring Mounting,"4 Prong Open Earrings Mtg, With post and back",Oval,5x3mm,18ktyg,70602,,"[""1870:47071:S""]",2,,,,,2,"[""1912:39109:S""]",0,0,0,,,
351,41272,Earring Mounting,"4 Prong Open Earrings Mtg, With post and back",Oval,5x3mm,18ktwg,70602,,"[""1870:306850:S""]",2,,,,,2,"[""1912:292742:S""]",0,0,0,,,
352,41273,Earring Mounting,"4 Prong Open Earrings Mtg, With post and back",Oval,5x3mm,Platinum,70602,,"[""1870:306849:S""]",2,,,,,2,"[""3513:27891:S""]",0,0,0,,,
353,41274,Earring Mounting,"4 Prong Open Earrings Mtg, With post and back",Oval,5x3mm,Silver,70602,,"[""1870:25525:S""]",2,,,,,2,"[""1912:3077:S""]",0,0,0,,,
354,41275,Earring Mounting,"4 Prong Open Earrings Mtg, With post and back",Oval,6x4mm,14ktyg,70602,,"[""1870:25530:S""]",2,,,,,2,"[""1912:3073:S""]",0,0,0,,,
355,41276,Earring Mounting,"4 Prong Open Earrings Mtg, With post and back",Oval,6x4mm,14ktwg,70602,,"[""1870:25537:S""]",2,,,,,2,"[""1912:3072:S""]",0,0,0,,,
356,41277,Earring Mounting,"4 Prong Open Earrings Mtg, With post and back",Oval,6x4mm,18ktyg,70602,,"[""1870:47056:S""]",2,,,,,2,"[""1912:39109:S""]",0,0,0,,,
357,41278,Earring Mounting,"4 Prong Open Earrings Mtg, With post and back",Oval,6x4mm,18ktwg,70602,,"[""1870:306868:S""]",2,,,,,2,"[""1912:292742:S""]",0,0,0,,,
358,41279,Earring Mounting,"4 Prong Open Earrings Mtg, With post and back",Oval,6x4mm,Platinum,70602,,"[""1870:306867:S""]",2,,,,,2,"[""3513:27891:S""]",0,0,0,,,
359,41280,Earring Mounting,"4 Prong Open Earrings Mtg, With post and back",Oval,6x4mm,Silver,70602,,"[""1870:47059:S""]",2,,,,,2,"[""1912:3077:S""]",0,0,0,,,
360,41281,Earring Mounting,"4 Prong Open Earrings Mtg, With post and back",Oval,7x5mm,14ktyg,70603,,"[""1870:25531:S""]",2,,,,,2,"[""1912:3073:S""]",0,0,0,,,
361,41282,Earring Mounting,"4 Prong Open Earrings Mtg, With post and back",Oval,7x5mm,14ktwg,70603,,"[""1870:25535:S""]",2,,,,,2,"[""1912:3072:S""]",0,0,0,,,
362,41283,Earring Mounting,"4 Prong Open Earrings Mtg, With post and back",Oval,7x5mm,18ktyg,70603,,"[""1870:47057:S""]",2,,,,,2,"[""1912:39109:S""]",0,0,0,,,
363,41284,Earring Mounting,"4 Prong Open Earrings Mtg, With post and back",Oval,7x5mm,18ktwg,70603,,"[""1870:306869:S""]",2,,,,,2,"[""1912:292742:S""]",0,0,0,,,
364,41285,Earring Mounting,"4 Prong Open Earrings Mtg, With post and back",Oval,7x5mm,Platinum,70603,,"[""1870:47053:S""]",2,,,,,2,"[""3513:27891:S""]",0,0,0,,,
365,41286,Earring Mounting,"4 Prong Open Earrings Mtg, With post and back",Oval,7x5mm,Silver,70603,,"[""1870:25526:S""]",2,,,,,2,"[""1912:3077:S""]",0,0,0,,,
366,41287,Earring Mounting,"4 Prong Open Earrings Mtg, With post and back",Oval,8x6mm,14ktyg,70604,,"[""1870:25532:S""]",2,,,,,2,"[""1912:3073:S""]",0,0,0,,,
367,41288,Earring Mounting,"4 Prong Open Earrings Mtg, With post and back",Oval,8x6mm,14ktwg,70604,,"[""1870:25538:S""]",2,,,,,2,"[""1912:3072:S""]",0,0,0,,,
368,41289,Earring Mounting,"4 Prong Open Earrings Mtg, With post and back",Oval,8x6mm,18ktyg,70604,,"[""1870:47055:S""]",2,,,,,2,"[""1912:39109:S""]",0,0,0,,,
369,41290,Earring Mounting,"4 Prong Open Earrings Mtg, With post and back",Oval,8x6mm,18ktwg,70604,,"[""1870:306871:S""]",2,,,,,2,"[""1912:292742:S""]",0,0,0,,,
370,41291,Earring Mounting,"4 Prong Open Earrings Mtg, With post and back",Oval,8x6mm,Platinum,70604,,"[""1870:106:S""]",2,,,,,2,"[""3513:27891:S""]",0,0,0,,,
371,41292,Earring Mounting,"4 Prong Open Earrings Mtg, With post and back",Oval,8x6mm,Silver,70604,,"[""1870:47068:S""]",2,,,,,2,"[""1912:3077:S""]",0,0,0,,,
372,41293,Earring Mounting,"4 Prong Open Earrings Mtg, With post and back",Oval,9x7mm,14ktyg,70605,,"[""1870:25533:S""]",2,,,,,2,"[""1912:3073:S""]",0,0,0,,,
373,41294,Earring Mounting,"4 Prong Open Earrings Mtg, With post and back",Oval,9x7mm,14ktwg,70605,,"[""1870:25539:S""]",2,,,,,2,"[""1912:3072:S""]",0,0,0,,,
374,41295,Earring Mounting,"4 Prong Open Earrings Mtg, With post and back",Oval,9x7mm,18ktyg,70605,,"[""1870:306856:S""]",2,,,,,2,"[""1912:39109:S""]",0,0,0,,,
375,41296,Earring Mounting,"4 Prong Open Earrings Mtg, With post and back",Oval,9x7mm,18ktwg,70605,,"[""1870:306855:S""]",2,,,,,2,"[""1912:292742:S""]",0,0,0,,,
376,41297,Earring Mounting,"4 Prong Open Earrings Mtg, With post and back",Oval,9x7mm,Platinum,70605,,"[""1870:306854:S""]",2,,,,,2,"[""3513:27891:S""]",0,0,0,,,
377,41298,Earring Mounting,"4 Prong Open Earrings Mtg, With post and back",Oval,9x7mm,Silver,70605,,"[""1870:25544:S""]",2,,,,,2,"[""1912:3077:S""]",0,0,0,,,
378,41299,Earring Mounting,"4 Prong Open Earrings Mtg, With post and back",Oval,10x8mm,14ktyg,70606,,"[""1870:25534:S""]",2,,,,,2,"[""1912:3073:S""]",0,0,0,,,
379,41300,Earring Mounting,"4 Prong Open Earrings Mtg, With post and back",Oval,10x8mm,14ktwg,70606,,"[""1870:25540:S""]",2,,,,,2,"[""1912:3072:S""]",0,0,0,,,
380,41301,Earring Mounting,"4 Prong Open Earrings Mtg, With post and back",Oval,10x8mm,18ktyg,70606,,"[""1870:306859:S""]",2,,,,,2,"[""1912:39109:S""]",0,0,0,,,
381,41302,Earring Mounting,"4 Prong Open Earrings Mtg, With post and back",Oval,10x8mm,18ktwg,70606,,"[""1870:306858:S""]",2,,,,,2,"[""1912:292742:S""]",0,0,0,,,
382,41303,Earring Mounting,"4 Prong Open Earrings Mtg, With post and back",Oval,10x8mm,Platinum,70606,,"[""1870:306857:S""]",2,,,,,2,"[""3513:27891:S""]",0,0,0,,,
383,41304,Earring Mounting,"4 Prong Open Earrings Mtg, With post and back",Oval,10x8mm,Silver,70606,,"[""1870:47064:S""]",2,,,,,2,"[""1912:3077:S""]",0,0,0,,,
384,41305,Earring Mounting,"4 Prong Open Earrings Mtg, With post and back",Oval,11x9mm,14ktyg,70607,,"[""1870:47051:S""]",2,,,,,2,"[""1912:3073:S""]",0,0,0,,,
385,41306,Earring Mounting,"4 Prong Open Earrings Mtg, With post and back",Oval,11x9mm,14ktwg,70607,,"[""1870:47050:S""]",2,,,,,2,"[""1912:3072:S""]",0,0,0,,,
386,41307,Earring Mounting,"4 Prong Open Earrings Mtg, With post and back",Oval,11x9mm,18ktyg,70607,,"[""1870:306861:S""]",2,,,,,2,"[""1912:39109:S""]",0,0,0,,,
387,41308,Earring Mounting,"4 Prong Open Earrings Mtg, With post and back",Oval,11x9mm,18ktwg,70607,,"[""1870:306860:S""]",2,,,,,2,"[""1912:292742:S""]",0,0,0,,,
388,41309,Earring Mounting,"4 Prong Open Earrings Mtg, With post and back",Oval,11x9mm,Platinum,70607,,"[""1870:47052:S""]",2,,,,,2,"[""3513:27891:S""]",0,0,0,,,
389,41310,Earring Mounting,"4 Prong Open Earrings Mtg, With post and back",Oval,11x9mm,Silver,70607,,"[""1870:25545:S""]",2,,,,,2,"[""1912:3077:S""]",0,0,0,,,
390,41311,Earring Mounting,"4 Prong Open Earrings Mtg, With post and back",Oval,12x10mm,14ktyg,70608,,"[""1870:47049:S""]",2,,,,,2,"[""1912:3073:S""]",0,0,0,,,
391,41312,Earring Mounting,"4 Prong Open Earrings Mtg, With post and back",Oval,12x10mm,14ktwg,70608,,"[""1870:47048:S""]",2,,,,,2,"[""1912:3072:S""]",0,0,0,,,
392,41313,Earring Mounting,"4 Prong Open Earrings Mtg, With post and back",Oval,12x10mm,18ktyg,70608,,"[""1870:306864:S""]",2,,,,,2,"[""1912:39109:S""]",0,0,0,,,
393,41314,Earring Mounting,"4 Prong Open Earrings Mtg, With post and back",Oval,12x10mm,18ktwg,70608,,"[""1870:306863:S""]",2,,,,,2,"[""1912:292742:S""]",0,0,0,,,
394,41315,Earring Mounting,"4 Prong Open Earrings Mtg, With post and back",Oval,12x10mm,Platinum,70608,,"[""1870:306862:S""]",2,,,,,2,"[""3513:27891:S""]",0,0,0,,,
395,41316,Earring Mounting,"4 Prong Open Earrings Mtg, With post and back",Oval,12x10mm,Silver,70608,,"[""1870:470490:S""]",2,,,,,2,"[""1912:3077:S""]",0,0,0,,,
396,41317,Earring Mounting,"4 Prong Open Earrings Mtg, With post and back",Princess,3.0mm,14ktyg,70801,,"[""23280:100010:S""]",2,,,,,2,"[""1912:3073:S""]",0,0,0,,,
397,41318,Earring Mounting,"4 Prong Open Earrings Mtg, With post and back",Princess,3.0mm,14ktwg,70801,,"[""23280:100010:S""]",2,,,,,2,"[""1912:3072:S""]",0,0,0,,,
398,41319,Earring Mounting,"4 Prong Open Earrings Mtg, With post and back",Princess,3.0mm,18ktyg,70801,,"[""23280:306739:S""]",2,,,,,2,"[""1912:39109:S""]",0,0,0,,,
399,41320,Earring Mounting,"4 Prong Open Earrings Mtg, With post and back",Princess,3.0mm,18ktwg,70801,,"[""23280:306740:S""]",2,,,,,2,"[""1912:292742:S""]",0,0,0,,,
400,41321,Earring Mounting,"4 Prong Open Earrings Mtg, With post and back",Princess,3.0mm,Platinum,70801,,"[""23280:303889:S""]",2,,,,,2,"[""3513:27891:S""]",0,0,0,,,
401,41322,Earring Mounting,"4 Prong Open Earrings Mtg, With post and back",Princess,3.0mm,Silver,70801,,"[""23280:328560:S""]",2,,,,,2,"[""1912:3077:S""]",0,0,0,,,
402,41323,Earring Mounting,"4 Prong Open Earrings Mtg, With post and back",Princess,3.5mm,14ktyg,70801,,"[""23280:100023:S""]",2,,,,,2,"[""1912:3073:S""]",0,0,0,,,
403,41324,Earring Mounting,"4 Prong Open Earrings Mtg, With post and back",Princess,3.5mm,14ktwg,70801,,"[""23280:100022:S""]",2,,,,,2,"[""1912:3072:S""]",0,0,0,,,
404,41325,Earring Mounting,"4 Prong Open Earrings Mtg, With post and back",Princess,3.5mm,18ktyg,70801,,"[""23280:306743:S""]",2,,,,,2,"[""1912:39109:S""]",0,0,0,,,
405,41326,Earring Mounting,"4 Prong Open Earrings Mtg, With post and back",Princess,3.5mm,18ktwg,70801,,"[""23280:306744:S""]",2,,,,,2,"[""1912:292742:S""]",0,0,0,,,
406,41327,Earring Mounting,"4 Prong Open Earrings Mtg, With post and back",Princess,3.5mm,Platinum,70801,,"[""23280:306742:S""]",2,,,,,2,"[""3513:27891:S""]",0,0,0,,,
407,41328,Earring Mounting,"4 Prong Open Earrings Mtg, With post and back",Princess,3.5mm,Silver,70801,,"[""23280:328561:S""]",2,,,,,2,"[""1912:3077:S""]",0,0,0,,,
408,41329,Earring Mounting,"4 Prong Open Earrings Mtg, With post and back",Princess,4.0mm,14ktyg,70801,,"[""23280:100026:S""]",2,,,,,2,"[""1912:3073:S""]",0,0,0,,,
409,41330,Earring Mounting,"4 Prong Open Earrings Mtg, With post and back",Princess,4.0mm,14ktwg,70801,,"[""23280:100025:S""]",2,,,,,2,"[""1912:3072:S""]",0,0,0,,,
410,41331,Earring Mounting,"4 Prong Open Earrings Mtg, With post and back",Princess,4.0mm,18ktyg,70801,,"[""23280:306746:S""]",2,,,,,2,"[""1912:39109:S""]",0,0,0,,,
411,41332,Earring Mounting,"4 Prong Open Earrings Mtg, With post and back",Princess,4.0mm,18ktwg,70801,,"[""23280:306747:S""]",2,,,,,2,"[""1912:292742:S""]",0,0,0,,,
412,41333,Earring Mounting,"4 Prong Open Earrings Mtg, With post and back",Princess,4.0mm,Platinum,70801,,"[""23280:303888:S""]",2,,,,,2,"[""3513:27891:S""]",0,0,0,,,
413,41334,Earring Mounting,"4 Prong Open Earrings Mtg, With post and back",Princess,4.0mm,Silver,70801,,"[""23280:328562:S""]",2,,,,,2,"[""1912:3077:S""]",0,0,0,,,
414,41335,Earring Mounting,"4 Prong Open Earrings Mtg, With post and back",Princess,4.5mm,14ktyg,70801,,"[""23280:100017:S""]",2,,,,,2,"[""1912:3073:S""]",0,0,0,,,
415,41336,Earring Mounting,"4 Prong Open Earrings Mtg, With post and back",Princess,4.5mm,14ktwg,70801,,"[""23280:100016:S""]",2,,,,,2,"[""1912:3072:S""]",0,0,0,,,
416,41337,Earring Mounting,"4 Prong Open Earrings Mtg, With post and back",Princess,4.5mm,18ktyg,70801,,"[""23280:306749:S""]",2,,,,,2,"[""1912:39109:S""]",0,0,0,,,
417,41338,Earring Mounting,"4 Prong Open Earrings Mtg, With post and back",Princess,4.5mm,18ktwg,70801,,"[""23280:306750:S""]",2,,,,,2,"[""1912:292742:S""]",0,0,0,,,
418,41339,Earring Mounting,"4 Prong Open Earrings Mtg, With post and back",Princess,4.5mm,Platinum,70801,,"[""23280:303890:S""]",2,,,,,2,"[""3513:27891:S""]",0,0,0,,,
419,41340,Earring Mounting,"4 Prong Open Earrings Mtg, With post and back",Princess,4.5mm,Silver,70801,,"[""23280:328563:S""]",2,,,,,2,"[""1912:3077:S""]",0,0,0,,,
420,41341,Earring Mounting,"4 Prong Open Earrings Mtg, With post and back",Princess,5.0mm,14ktyg,70803,,"[""23280:100029:S""]",2,,,,,2,"[""1912:3073:S""]",0,0,0,,,
421,41342,Earring Mounting,"4 Prong Open Earrings Mtg, With post and back",Princess,5.0mm,14ktwg,70803,,"[""23280:100028:S""]",2,,,,,2,"[""1912:3072:S""]",0,0,0,,,
422,41343,Earring Mounting,"4 Prong Open Earrings Mtg, With post and back",Princess,5.0mm,18ktyg,70803,,"[""23280:306752:S""]",2,,,,,2,"[""1912:39109:S""]",0,0,0,,,
423,41344,Earring Mounting,"4 Prong Open Earrings Mtg, With post and back",Princess,5.0mm,18ktwg,70803,,"[""23280:306753:S""]",2,,,,,2,"[""1912:292742:S""]",0,0,0,,,
424,41345,Earring Mounting,"4 Prong Open Earrings Mtg, With post and back",Princess,5.0mm,Platinum,70803,,"[""23280:303884:S""]",2,,,,,2,"[""3513:27891:S""]",0,0,0,,,
425,41346,Earring Mounting,"4 Prong Open Earrings Mtg, With post and back",Princess,5.0mm,Silver,70803,,"[""23280:328564:S""]",2,,,,,2,"[""1912:3077:S""]",0,0,0,,,
426,41347,Earring Mounting,"4 Prong Open Earrings Mtg, With post and back",Princess,5.5mm,14ktyg,70803,,"[""23280:100020:S""]",2,,,,,2,"[""1912:3073:S""]",0,0,0,,,
427,41348,Earring Mounting,"4 Prong Open Earrings Mtg, With post and back",Princess,5.5mm,14ktwg,70803,,"[""23280:100019:S""]",2,,,,,2,"[""1912:3072:S""]",0,0,0,,,
428,41349,Earring Mounting,"4 Prong Open Earrings Mtg, With post and back",Princess,5.5mm,18ktyg,70803,,"[""23280:100031:S""]",2,,,,,2,"[""1912:39109:S""]",0,0,0,,,
429,41350,Earring Mounting,"4 Prong Open Earrings Mtg, With post and back",Princess,5.5mm,18ktwg,70803,,"[""23280:303887:S""]",2,,,,,2,"[""1912:292742:S""]",0,0,0,,,
430,41351,Earring Mounting,"4 Prong Open Earrings Mtg, With post and back",Princess,5.5mm,Platinum,70803,,"[""23280:303885:S""]",2,,,,,2,"[""3513:27891:S""]",0,0,0,,,
431,41352,Earring Mounting,"4 Prong Open Earrings Mtg, With post and back",Princess,5.5mm,Silver,70803,,"[""23280:328565:S""]",2,,,,,2,"[""1912:3077:S""]",0,0,0,,,
432,41353,Earring Mounting,"4 Prong Open Earrings Mtg, With post and back",Princess,6.0mm,14ktyg,70805,,"[""23280:303881:S""]",2,,,,,2,"[""1912:3073:S""]",0,0,0,,,
433,41354,Earring Mounting,"4 Prong Open Earrings Mtg, With post and back",Princess,6.0mm,14ktwg,70805,,"[""23280:303883:S""]",2,,,,,2,"[""1912:3072:S""]",0,0,0,,,
434,41355,Earring Mounting,"4 Prong Open Earrings Mtg, With post and back",Princess,6.0mm,18ktyg,70805,,"[""23280:306756:S""]",2,,,,,2,"[""1912:39109:S""]",0,0,0,,,
435,41356,Earring Mounting,"4 Prong Open Earrings Mtg, With post and back",Princess,6.0mm,18ktwg,70805,,"[""23280:306757:S""]",2,,,,,2,"[""1912:292742:S""]",0,0,0,,,
436,41357,Earring Mounting,"4 Prong Open Earrings Mtg, With post and back",Princess,6.0mm,Platinum,70805,,"[""23280:303891:S""]",2,,,,,2,"[""3513:27891:S""]",0,0,0,,,
437,41358,Earring Mounting,"4 Prong Open Earrings Mtg, With post and back",Princess,6.0mm,Silver,70805,,"[""23280:328566:S""]",2,,,,,2,"[""1912:3077:S""]",0,0,0,,,
438,41359,Earring Mounting,"4 Prong Open Earrings Mtg, With post and back",Princess,6.5mm,14ktyg,70805,,"[""23280:100002:S""]",2,,,,,2,"[""1912:3073:S""]",0,0,0,,,
439,41360,Earring Mounting,"4 Prong Open Earrings Mtg, With post and back",Princess,6.5mm,14ktwg,70805,,"[""23280:100001:S""]",2,,,,,2,"[""1912:3072:S""]",0,0,0,,,
440,41361,Earring Mounting,"4 Prong Open Earrings Mtg, With post and back",Princess,6.5mm,18ktyg,70805,,"[""23280:306759:S""]",2,,,,,2,"[""1912:39109:S""]",0,0,0,,,
441,41362,Earring Mounting,"4 Prong Open Earrings Mtg, With post and back",Princess,6.5mm,18ktwg,70805,,"[""23280:306759:S""]",2,,,,,2,"[""1912:292742:S""]",0,0,0,,,
442,41363,Earring Mounting,"4 Prong Open Earrings Mtg, With post and back",Princess,6.5mm,Platinum,70805,,"[""23280:306761:S""]",2,,,,,2,"[""3513:27891:S""]",0,0,0,,,
443,41364,Earring Mounting,"4 Prong Open Earrings Mtg, With post and back",Princess,6.5mm,Silver,70805,,"[""23280:328567:S""]",2,,,,,2,"[""1912:3077:S""]",0,0,0,,,
444,41365,Earring Mounting,"4 Prong Open Earrings Mtg, With post and back",Princess,7.0mm,14ktyg,70807,,"[""23280:100005:S""]",2,,,,,2,"[""1912:3073:S""]",0,0,0,,,
445,41366,Earring Mounting,"4 Prong Open Earrings Mtg, With post and back",Princess,7.0mm,14ktwg,70807,,"[""23280:100004:S""]",2,,,,,2,"[""1912:3072:S""]",0,0,0,,,
446,41367,Earring Mounting,"4 Prong Open Earrings Mtg, With post and back",Princess,7.0mm,18ktyg,70807,,"[""23280:306739:S""]",2,,,,,2,"[""1912:39109:S""]",0,0,0,,,
447,41368,Earring Mounting,"4 Prong Open Earrings Mtg, With post and back",Princess,7.0mm,18ktwg,70807,,"[""23280:306762:S""]",2,,,,,2,"[""1912:292742:S""]",0,0,0,,,
448,41369,Earring Mounting,"4 Prong Open Earrings Mtg, With post and back",Princess,7.0mm,Platinum,70807,,"[""23280:306761:S""]",2,,,,,2,"[""3513:27891:S""]",0,0,0,,,
449,41370,Earring Mounting,"4 Prong Open Earrings Mtg, With post and back",Princess,7.0mm,Silver,70807,,"[""23280:328560:S""]",2,,,,,2,"[""1912:3077:S""]",0,0,0,,,
450,41371,Earring Mounting,"4 Prong Open Earrings Mtg, With post and back",Princess,7.5mm,14ktyg,70807,,"[""23280:100014:S""]",2,,,,,2,"[""1912:3073:S""]",0,0,0,,,
451,41372,Earring Mounting,"4 Prong Open Earrings Mtg, With post and back",Princess,7.5mm,14ktwg,70807,,"[""23280:100013:S""]",2,,,,,2,"[""1912:3072:S""]",0,0,0,,,
452,41373,Earring Mounting,"4 Prong Open Earrings Mtg, With post and back",Princess,7.5mm,18ktyg,70807,,"[""23280:100014:S""]",2,,,,,2,"[""1912:39109:S""]",0,0,0,,,
453,41374,Earring Mounting,"4 Prong Open Earrings Mtg, With post and back",Princess,7.5mm,18ktwg,70807,,"[""23280:306765:S""]",2,,,,,2,"[""1912:292742:S""]",0,0,0,,,
454,41375,Earring Mounting,"4 Prong Open Earrings Mtg, With post and back",Princess,7.5mm,Platinum,70807,,"[""23280:306764:S""]",2,,,,,2,"[""3513:27891:S""]",0,0,0,,,
455,41376,Earring Mounting,"4 Prong Open Earrings Mtg, With post and back",Princess,7.5mm,Silver,70807,,"[""23280:328569:S""]",2,,,,,2,"[""1912:3077:S""]",0,0,0,,,
456,41377,Earring Mounting,"4 Prong Open Earrings Mtg, With post and back",Princess,8.0mm,14ktyg,70807,,"[""23280:100008:S""]",2,,,,,2,"[""1912:3073:S""]",0,0,0,,,
457,41378,Earring Mounting,"4 Prong Open Earrings Mtg, With post and back",Princess,8.0mm,14ktwg,70807,,"[""23280:100007:S""]",2,,,,,2,"[""1912:3072:S""]",0,0,0,,,
458,41379,Earring Mounting,"4 Prong Open Earrings Mtg, With post and back",Princess,8.0mm,18ktyg,70807,,"[""23280:306739:S""]",2,,,,,2,"[""1912:39109:S""]",0,0,0,,,
459,41380,Earring Mounting,"4 Prong Open Earrings Mtg, With post and back",Princess,8.0mm,18ktwg,70807,,"[""23280:306740:S""]",2,,,,,2,"[""1912:292742:S""]",0,0,0,,,
460,41381,Earring Mounting,"4 Prong Open Earrings Mtg, With post and back",Princess,8.0mm,Platinum,70807,,"[""23280:303889:S""]",2,,,,,2,"[""3513:27891:S""]",0,0,0,,,
461,41382,Earring Mounting,"4 Prong Open Earrings Mtg, With post and back",Princess,8.0mm,Silver,70807,,"[""23280:328560:S""]",2,,,,,2,"[""1912:3077:S""]",0,0,0,,,
462,41383,Earring Mounting,"3 Prong Open Earrings Mtg, With post and back",Pear Shape,5x3mm,14ktyg,70602,,"[""2510:120954:S""]",2,,,,,2,"[""1912:3073:S""]",0,0,0,,,
463,41384,Earring Mounting,"3 Prong Open Earrings Mtg, With post and back",Pear Shape,5x3mm,14ktwg,70602,,"[""2510:120955:S""]",2,,,,,2,"[""1912:3072:S""]",0,0,0,,,
464,41385,Earring Mounting,"3 Prong Open Earrings Mtg, With post and back",Pear Shape,5x3mm,18ktyg,70602,,"[""2510:121155:S""]",2,,,,,2,"[""1912:39109:S""]",0,0,0,,,
465,41386,Earring Mounting,"3 Prong Open Earrings Mtg, With post and back",Pear Shape,5x3mm,Platinum,70602,,"[""2510:121147:S""]",2,,,,,2,"[""3513:27891:S""]",0,0,0,,,
466,41387,Earring Mounting,"3 Prong Open Earrings Mtg, With post and back",Pear Shape,5x3mm,Silver,70602,,"[""2510:120953:S""]",2,,,,,2,"[""1912:3077:S""]",0,0,0,,,
467,41388,Earring Mounting,"3 Prong Open Earrings Mtg, With post and back",Pear Shape,6x4mm,14ktyg,70602,,"[""2510:120956:S""]",2,,,,,2,"[""1912:3073:S""]",0,0,0,,,
468,41389,Earring Mounting,"3 Prong Open Earrings Mtg, With post and back",Pear Shape,6x4mm,14ktwg,70602,,"[""2510:120957:S""]",2,,,,,2,"[""1912:3072:S""]",0,0,0,,,
469,41390,Earring Mounting,"3 Prong Open Earrings Mtg, With post and back",Pear Shape,6x4mm,18ktyg,70602,,"[""2510:121146:S""]",2,,,,,2,"[""1912:39109:S""]",0,0,0,,,
470,41391,Earring Mounting,"3 Prong Open Earrings Mtg, With post and back",Pear Shape,6x4mm,18ktwg,70602,,"[""2510:121145:S""]",2,,,,,2,"[""1912:292742:S""]",0,0,0,,,
471,41392,Earring Mounting,"3 Prong Open Earrings Mtg, With post and back",Pear Shape,6x4mm,Platinum,70602,,"[""2510:121148:S""]",2,,,,,2,"[""3513:27891:S""]",0,0,0,,,
472,41393,Earring Mounting,"3 Prong Open Earrings Mtg, With post and back",Pear Shape,6x4mm,Silver,70602,,"[""2510:120952:S""]",2,,,,,2,"[""1912:3077:S""]",0,0,0,,,
473,41394,Earring Mounting,"3 Prong Open Earrings Mtg, With post and back",Pear Shape,7x5mm,14ktyg,70603,,"[""2510:120958:S""]",2,,,,,2,"[""1912:3073:S""]",0,0,0,,,
474,41395,Earring Mounting,"3 Prong Open Earrings Mtg, With post and back",Pear Shape,7x5mm,14ktwg,70603,,"[""2510:120959:S""]",2,,,,,2,"[""1912:3072:S""]",0,0,0,,,
475,41396,Earring Mounting,"3 Prong Open Earrings Mtg, With post and back",Pear Shape,7x5mm,18ktyg,70603,,"[""2510:121150:S""]",2,,,,,2,"[""1912:39109:S""]",0,0,0,,,
476,41397,Earring Mounting,"3 Prong Open Earrings Mtg, With post and back",Pear Shape,7x5mm,18ktwg,70603,,"[""2510:121151:S""]",2,,,,,2,"[""1912:292742:S""]",0,0,0,,,
477,41398,Earring Mounting,"3 Prong Open Earrings Mtg, With post and back",Pear Shape,7x5mm,Platinum,70603,,"[""2510:121149:S""]",2,,,,,2,"[""3513:27891:S""]",0,0,0,,,
478,41399,Earring Mounting,"3 Prong Open Earrings Mtg, With post and back",Pear Shape,7x5mm,Silver,70603,,"[""2510:120951:S""]",2,,,,,2,"[""1912:3077:S""]",0,0,0,,,
479,41400,Earring Mounting,"3 Prong Open Earrings Mtg, With post and back",Pear Shape,8x5mm,14ktyg,70604,,"[""2510:120960:S""]",2,,,,,2,"[""1912:3073:S""]",0,0,0,,,
480,41401,Earring Mounting,"3 Prong Open Earrings Mtg, With post and back",Pear Shape,8x5mm,14ktwg,70604,,"[""2510:120961:S""]",2,,,,,2,"[""1912:3072:S""]",0,0,0,,,
481,41402,Earring Mounting,"3 Prong Open Earrings Mtg, With post and back",Pear Shape,8x5mm,18ktyg,70604,,"[""2510:1005:S""]",2,,,,,2,"[""1912:39109:S""]",0,0,0,,,
482,41403,Earring Mounting,"3 Prong Open Earrings Mtg, With post and back",Pear Shape,8x5mm,18ktwg,70604,,"[""2510:121157:S""]",2,,,,,2,"[""1912:292742:S""]",0,0,0,,,
483,41404,Earring Mounting,"3 Prong Open Earrings Mtg, With post and back",Pear Shape,8x5mm,Platinum,70604,,"[""2510:1209600:S""]",2,,,,,2,"[""3513:27891:S""]",0,0,0,,,
484,41405,Earring Mounting,"3 Prong Open Earrings Mtg, With post and back",Pear Shape,8x5mm,Silver,70604,,"[""2510:1001:S""]",2,,,,,2,"[""1912:3077:S""]",0,0,0,,,
485,41406,Earring Mounting,"3 Prong Open Earrings Mtg, With post and back",Pear Shape,9x6mm,14ktyg,70605,,"[""2510:121141:S""]",2,,,,,2,"[""1912:3073:S""]",0,0,0,,,
486,41407,Earring Mounting,"3 Prong Open Earrings Mtg, With post and back",Pear Shape,9x6mm,14ktwg,70605,,"[""2510:121142:S""]",2,,,,,2,"[""1912:3072:S""]",0,0,0,,,
487,41408,Earring Mounting,"3 Prong Open Earrings Mtg, With post and back",Pear Shape,9x6mm,18ktyg,70605,,"[""2510:10021:S""]",2,,,,,2,"[""1912:39109:S""]",0,0,0,,,
488,41409,Earring Mounting,"3 Prong Open Earrings Mtg, With post and back",Pear Shape,9x6mm,18ktwg,70605,,"[""2510:1003:S""]",2,,,,,2,"[""1912:292742:S""]",0,0,0,,,
489,41410,Earring Mounting,"3 Prong Open Earrings Mtg, With post and back",Pear Shape,9x6mm,Platinum,70605,,"[""2510:1004:S""]",2,,,,,2,"[""3513:27891:S""]",0,0,0,,,
490,41411,Earring Mounting,"3 Prong Open Earrings Mtg, With post and back",Pear Shape,9x6mm,Silver,70605,,"[""2510:121140:S""]",2,,,,,2,"[""1912:3077:S""]",0,0,0,,,
491,41412,Earring Mounting,"3 Prong Open Earrings Mtg, With post and back",Pear Shape,10x7mm,14ktyg,70706,,"[""2510:121143:S""]",2,,,,,2,"[""1912:3073:S""]",0,0,0,,,
492,41413,Earring Mounting,"3 Prong Open Earrings Mtg, With post and back",Pear Shape,10x7mm,14ktwg,70706,,"[""2510:121144:S""]",2,,,,,2,"[""1912:3072:S""]",0,0,0,,,
493,41414,Earring Mounting,"3 Prong Open Earrings Mtg, With post and back",Pear Shape,10x7mm,18ktyg,70706,,"[""2510:121159:S""]",2,,,,,2,"[""1912:39109:S""]",0,0,0,,,
494,41415,Earring Mounting,"3 Prong Open Earrings Mtg, With post and back",Pear Shape,10x7mm,18ktwg,70706,,"[""2510:121153:S""]",2,,,,,2,"[""1912:292742:S""]",0,0,0,,,
495,41416,Earring Mounting,"3 Prong Open Earrings Mtg, With post and back",Pear Shape,10x7mm,Platinum,70706,,"[""2510:121152:S""]",2,,,,,2,"[""3513:27891:S""]",0,0,0,,,
496,41417,Earring Mounting,"3 Prong Open Earrings Mtg, With post and back",Pear Shape,10x7mm,Silver,70706,,"[""2510:121139:S""]",2,,,,,2,"[""1912:3077:S""]",0,0,0,,,
497,41418,Earring Mounting,"6 Prong Open Earrings Mtg, With post and back",Marquis,5x3mm,14ktyg,70702,,"[""87321:132:P""]",2,,,,,2,"[""1912:3073:S""]",0,0,0,,,
498,41419,Earring Mounting,"6 Prong Open Earrings Mtg, With post and back",Marquis,5x3mm,14ktwg,70702,,"[""87321:130:P""]",2,,,,,2,"[""1912:3072:S""]",0,0,0,,,
499,41420,Earring Mounting,"6 Prong Open Earrings Mtg, With post and back",Marquis,5x3mm,Platinum,70702,,"[""87321:133:P""]",2,,,,,2,"[""3513:27891:S""]",0,0,0,,,
500,41421,Earring Mounting,"6 Prong Open Earrings Mtg, With post and back",Marquis,5x3mm,Silver,70702,,"[""87321:131:P""]",2,,,,,2,"[""1912:3077:S""]",0,0,0,,,
501,41422,Earring Mounting,"6 Prong Open Earrings Mtg, With post and back",Marquis,6x3mm,14ktyg,70702,,"[""87321:103:P""]",2,,,,,2,"[""1912:3073:S""]",0,0,0,,,
502,41423,Earring Mounting,"6 Prong Open Earrings Mtg, With post and back",Marquis,6x3mm,14ktwg,70702,,"[""87321:101:P""]",2,,,,,2,"[""1912:3072:S""]",0,0,0,,,
503,41424,Earring Mounting,"6 Prong Open Earrings Mtg, With post and back",Marquis,6x3mm,Platinum,70702,,"[""87321:107:P""]",2,,,,,2,"[""3513:27891:S""]",0,0,0,,,
504,41425,Earring Mounting,"6 Prong Open Earrings Mtg, With post and back",Marquis,6x3mm,Silver,70702,,"[""87321:108:P""]",2,,,,,2,"[""1912:3077:S""]",0,0,0,,,
505,41426,Earring Mounting,"6 Prong Open Earrings Mtg, With post and back",Marquis,7x4mm,14ktyg,70704,,"[""87321:123:P""]",2,,,,,2,"[""1912:3073:S""]",0,0,0,,,
506,41427,Earring Mounting,"6 Prong Open Earrings Mtg, With post and back",Marquis,7x4mm,14ktwg,70704,,"[""87321:122:P""]",2,,,,,2,"[""1912:3072:S""]",0,0,0,,,
507,41428,Earring Mounting,"6 Prong Open Earrings Mtg, With post and back",Marquis,7x4mm,Platinum,70704,,"[""87321:121:P""]",2,,,,,2,"[""3513:27891:S""]",0,0,0,,,
508,41429,Earring Mounting,"6 Prong Open Earrings Mtg, With post and back",Marquis,7x4mm,Silver,70704,,"[""87321:124:P""]",2,,,,,2,"[""1912:3077:S""]",0,0,0,,,
509,41430,Earring Mounting,"6 Prong Open Earrings Mtg, With post and back",Marquis,8x4mm,14ktyg,70705,,"[""87321:117:P""]",2,,,,,2,"[""1912:3073:S""]",0,0,0,,,
510,41431,Earring Mounting,"6 Prong Open Earrings Mtg, With post and back",Marquis,8x4mm,14ktwg,70705,,"[""87321:119:P""]",2,,,,,2,"[""1912:3072:S""]",0,0,0,,,
511,41432,Earring Mounting,"6 Prong Open Earrings Mtg, With post and back",Marquis,8x4mm,Platinum,70705,,"[""87321:116:P""]",2,,,,,2,"[""3513:27891:S""]",0,0,0,,,
512,41433,Earring Mounting,"6 Prong Open Earrings Mtg, With post and back",Marquis,8x4mm,Silver,70705,,"[""87321:118:P""]",2,,,,,2,"[""1912:3077:S""]",0,0,0,,,
